{"train/epoch":8.591803419537761e-05,"train/global_step":1,"train/loss":0.1775,"train/grad_norm":11.346282958984375,"_runtime":3.452055736,"_step":0,"train/learning_rate":1.0000000000000001e-07,"_wandb":{"runtime":3},"_timestamp":1.7339684929997215e+09}