{"train/grad_norm":367.0832824707031,"train/loss":1.4375,"_timestamp":1.7339778449184327e+09,"train/epoch":0.32978723404255317,"_step":61,"train/learning_rate":6.200000000000001e-06,"_runtime":95.270089885,"train/global_step":62,"_wandb":{"runtime":95}}