{
  "dataset_revision": "fd7df84ac089bbec763b1c6bb1b56e985df5cc5c",
  "task_name": "AutoRAGRetrieval",
  "mteb_version": "1.24.1",
  "scores": {
    "test": [
      {
        "ndcg_at_1": 0.66667,
        "ndcg_at_3": 0.78268,
        "ndcg_at_5": 0.79741,
        "ndcg_at_10": 0.80882,
        "ndcg_at_20": 0.8133,
        "ndcg_at_100": 0.82347,
        "ndcg_at_1000": 0.82347,
        "map_at_1": 0.66667,
        "map_at_3": 0.75585,
        "map_at_5": 0.76418,
        "map_at_10": 0.76892,
        "map_at_20": 0.77017,
        "map_at_100": 0.77171,
        "map_at_1000": 0.77171,
        "recall_at_1": 0.66667,
        "recall_at_3": 0.85965,
        "recall_at_5": 0.89474,
        "recall_at_10": 0.92982,
        "recall_at_20": 0.94737,
        "recall_at_100": 1.0,
        "recall_at_1000": 1.0,
        "precision_at_1": 0.66667,
        "precision_at_3": 0.28655,
        "precision_at_5": 0.17895,
        "precision_at_10": 0.09298,
        "precision_at_20": 0.04737,
        "precision_at_100": 0.01,
        "precision_at_1000": 0.001,
        "mrr_at_1": 0.666667,
        "mrr_at_3": 0.755848,
        "mrr_at_5": 0.764181,
        "mrr_at_10": 0.768915,
        "mrr_at_20": 0.770174,
        "mrr_at_100": 0.771708,
        "mrr_at_1000": 0.771708,
        "nauc_ndcg_at_1_max": -0.016163,
        "nauc_ndcg_at_1_std": -0.308136,
        "nauc_ndcg_at_1_diff1": 0.678137,
        "nauc_ndcg_at_3_max": 0.154594,
        "nauc_ndcg_at_3_std": -0.338758,
        "nauc_ndcg_at_3_diff1": 0.65704,
        "nauc_ndcg_at_5_max": 0.155545,
        "nauc_ndcg_at_5_std": -0.362121,
        "nauc_ndcg_at_5_diff1": 0.658145,
        "nauc_ndcg_at_10_max": 0.144485,
        "nauc_ndcg_at_10_std": -0.380758,
        "nauc_ndcg_at_10_diff1": 0.673335,
        "nauc_ndcg_at_20_max": 0.138578,
        "nauc_ndcg_at_20_std": -0.39512,
        "nauc_ndcg_at_20_diff1": 0.666027,
        "nauc_ndcg_at_100_max": 0.1134,
        "nauc_ndcg_at_100_std": -0.35651,
        "nauc_ndcg_at_100_diff1": 0.667562,
        "nauc_ndcg_at_1000_max": 0.1134,
        "nauc_ndcg_at_1000_std": -0.35651,
        "nauc_ndcg_at_1000_diff1": 0.667562,
        "nauc_map_at_1_max": -0.016163,
        "nauc_map_at_1_std": -0.308136,
        "nauc_map_at_1_diff1": 0.678137,
        "nauc_map_at_3_max": 0.106062,
        "nauc_map_at_3_std": -0.330783,
        "nauc_map_at_3_diff1": 0.662459,
        "nauc_map_at_5_max": 0.105602,
        "nauc_map_at_5_std": -0.342238,
        "nauc_map_at_5_diff1": 0.663195,
        "nauc_map_at_10_max": 0.100794,
        "nauc_map_at_10_std": -0.34911,
        "nauc_map_at_10_diff1": 0.668945,
        "nauc_map_at_20_max": 0.099791,
        "nauc_map_at_20_std": -0.351377,
        "nauc_map_at_20_diff1": 0.667154,
        "nauc_map_at_100_max": 0.096282,
        "nauc_map_at_100_std": -0.346069,
        "nauc_map_at_100_diff1": 0.667567,
        "nauc_map_at_1000_max": 0.096282,
        "nauc_map_at_1000_std": -0.346069,
        "nauc_map_at_1000_diff1": 0.667567,
        "nauc_recall_at_1_max": -0.016163,
        "nauc_recall_at_1_std": -0.308136,
        "nauc_recall_at_1_diff1": 0.678137,
        "nauc_recall_at_3_max": 0.372008,
        "nauc_recall_at_3_std": -0.373962,
        "nauc_recall_at_3_diff1": 0.633177,
        "nauc_recall_at_5_max": 0.433235,
        "nauc_recall_at_5_std": -0.478846,
        "nauc_recall_at_5_diff1": 0.630748,
        "nauc_recall_at_10_max": 0.483096,
        "nauc_recall_at_10_std": -0.659981,
        "nauc_recall_at_10_diff1": 0.724295,
        "nauc_recall_at_20_max": 0.505682,
        "nauc_recall_at_20_std": -0.952676,
        "nauc_recall_at_20_diff1": 0.654096,
        "nauc_recall_at_100_max": NaN,
        "nauc_recall_at_100_std": NaN,
        "nauc_recall_at_100_diff1": NaN,
        "nauc_recall_at_1000_max": NaN,
        "nauc_recall_at_1000_std": NaN,
        "nauc_recall_at_1000_diff1": NaN,
        "nauc_precision_at_1_max": -0.016163,
        "nauc_precision_at_1_std": -0.308136,
        "nauc_precision_at_1_diff1": 0.678137,
        "nauc_precision_at_3_max": 0.372008,
        "nauc_precision_at_3_std": -0.373962,
        "nauc_precision_at_3_diff1": 0.633177,
        "nauc_precision_at_5_max": 0.433235,
        "nauc_precision_at_5_std": -0.478846,
        "nauc_precision_at_5_diff1": 0.630748,
        "nauc_precision_at_10_max": 0.483096,
        "nauc_precision_at_10_std": -0.659981,
        "nauc_precision_at_10_diff1": 0.724295,
        "nauc_precision_at_20_max": 0.505682,
        "nauc_precision_at_20_std": -0.952676,
        "nauc_precision_at_20_diff1": 0.654096,
        "nauc_precision_at_100_max": 1.0,
        "nauc_precision_at_100_std": 1.0,
        "nauc_precision_at_100_diff1": 1.0,
        "nauc_precision_at_1000_max": 1.0,
        "nauc_precision_at_1000_std": 1.0,
        "nauc_precision_at_1000_diff1": 1.0,
        "nauc_mrr_at_1_max": -0.016163,
        "nauc_mrr_at_1_std": -0.308136,
        "nauc_mrr_at_1_diff1": 0.678137,
        "nauc_mrr_at_3_max": 0.106062,
        "nauc_mrr_at_3_std": -0.330783,
        "nauc_mrr_at_3_diff1": 0.662459,
        "nauc_mrr_at_5_max": 0.105602,
        "nauc_mrr_at_5_std": -0.342238,
        "nauc_mrr_at_5_diff1": 0.663195,
        "nauc_mrr_at_10_max": 0.100794,
        "nauc_mrr_at_10_std": -0.34911,
        "nauc_mrr_at_10_diff1": 0.668945,
        "nauc_mrr_at_20_max": 0.099791,
        "nauc_mrr_at_20_std": -0.351377,
        "nauc_mrr_at_20_diff1": 0.667154,
        "nauc_mrr_at_100_max": 0.096282,
        "nauc_mrr_at_100_std": -0.346069,
        "nauc_mrr_at_100_diff1": 0.667567,
        "nauc_mrr_at_1000_max": 0.096282,
        "nauc_mrr_at_1000_std": -0.346069,
        "nauc_mrr_at_1000_diff1": 0.667567,
        "main_score": 0.80882,
        "hf_subset": "default",
        "languages": [
          "kor-Hang"
        ]
      }
    ]
  },
  "evaluation_time": 5.803228139877319,
  "kg_co2_emissions": null
}