{
  "dataset_revision": "75b399394a9803252cfec289d103de462763db7c",
  "task_name": "BelebeleRetrieval",
  "mteb_version": "1.24.1",
  "scores": {
    "test": [
      {
        "ndcg_at_1": 0.89111,
        "ndcg_at_3": 0.92635,
        "ndcg_at_5": 0.93127,
        "ndcg_at_10": 0.93565,
        "ndcg_at_20": 0.9368,
        "ndcg_at_100": 0.9392,
        "ndcg_at_1000": 0.93997,
        "map_at_1": 0.89111,
        "map_at_3": 0.91778,
        "map_at_5": 0.92044,
        "map_at_10": 0.92229,
        "map_at_20": 0.92262,
        "map_at_100": 0.92293,
        "map_at_1000": 0.92297,
        "recall_at_1": 0.89111,
        "recall_at_3": 0.95111,
        "recall_at_5": 0.96333,
        "recall_at_10": 0.97667,
        "recall_at_20": 0.98111,
        "recall_at_100": 0.99444,
        "recall_at_1000": 1.0,
        "precision_at_1": 0.89111,
        "precision_at_3": 0.31704,
        "precision_at_5": 0.19267,
        "precision_at_10": 0.09767,
        "precision_at_20": 0.04906,
        "precision_at_100": 0.00994,
        "precision_at_1000": 0.001,
        "mrr_at_1": 0.891111,
        "mrr_at_3": 0.917778,
        "mrr_at_5": 0.920444,
        "mrr_at_10": 0.922286,
        "mrr_at_20": 0.922621,
        "mrr_at_100": 0.922929,
        "mrr_at_1000": 0.922967,
        "nauc_ndcg_at_1_max": 0.830688,
        "nauc_ndcg_at_1_std": -0.033268,
        "nauc_ndcg_at_1_diff1": 0.915859,
        "nauc_ndcg_at_3_max": 0.876068,
        "nauc_ndcg_at_3_std": -0.001434,
        "nauc_ndcg_at_3_diff1": 0.931618,
        "nauc_ndcg_at_5_max": 0.875222,
        "nauc_ndcg_at_5_std": 0.005504,
        "nauc_ndcg_at_5_diff1": 0.930989,
        "nauc_ndcg_at_10_max": 0.869004,
        "nauc_ndcg_at_10_std": 0.014156,
        "nauc_ndcg_at_10_diff1": 0.929265,
        "nauc_ndcg_at_20_max": 0.868374,
        "nauc_ndcg_at_20_std": 0.006691,
        "nauc_ndcg_at_20_diff1": 0.929334,
        "nauc_ndcg_at_100_max": 0.865396,
        "nauc_ndcg_at_100_std": 0.00417,
        "nauc_ndcg_at_100_diff1": 0.928132,
        "nauc_ndcg_at_1000_max": 0.864325,
        "nauc_ndcg_at_1000_std": -0.002951,
        "nauc_ndcg_at_1000_diff1": 0.92721,
        "nauc_map_at_1_max": 0.830688,
        "nauc_map_at_1_std": -0.033268,
        "nauc_map_at_1_diff1": 0.915859,
        "nauc_map_at_3_max": 0.863897,
        "nauc_map_at_3_std": -0.013245,
        "nauc_map_at_3_diff1": 0.926734,
        "nauc_map_at_5_max": 0.863175,
        "nauc_map_at_5_std": -0.010676,
        "nauc_map_at_5_diff1": 0.926283,
        "nauc_map_at_10_max": 0.86076,
        "nauc_map_at_10_std": -0.008387,
        "nauc_map_at_10_diff1": 0.925577,
        "nauc_map_at_20_max": 0.860565,
        "nauc_map_at_20_std": -0.010237,
        "nauc_map_at_20_diff1": 0.925618,
        "nauc_map_at_100_max": 0.860244,
        "nauc_map_at_100_std": -0.010589,
        "nauc_map_at_100_diff1": 0.925449,
        "nauc_map_at_1000_max": 0.860193,
        "nauc_map_at_1000_std": -0.01088,
        "nauc_map_at_1000_diff1": 0.925413,
        "nauc_recall_at_1_max": 0.830688,
        "nauc_recall_at_1_std": -0.033268,
        "nauc_recall_at_1_diff1": 0.915859,
        "nauc_recall_at_3_max": 0.933155,
        "nauc_recall_at_3_std": 0.056648,
        "nauc_recall_at_3_diff1": 0.955065,
        "nauc_recall_at_5_max": 0.947514,
        "nauc_recall_at_5_std": 0.110602,
        "nauc_recall_at_5_diff1": 0.959893,
        "nauc_recall_at_10_max": 0.936197,
        "nauc_recall_at_10_std": 0.248722,
        "nauc_recall_at_10_diff1": 0.961874,
        "nauc_recall_at_20_max": 0.944252,
        "nauc_recall_at_20_std": 0.207832,
        "nauc_recall_at_20_diff1": 0.969243,
        "nauc_recall_at_100_max": 0.944444,
        "nauc_recall_at_100_std": 0.554715,
        "nauc_recall_at_100_diff1": 1.0,
        "nauc_recall_at_1000_max": NaN,
        "nauc_recall_at_1000_std": NaN,
        "nauc_recall_at_1000_diff1": NaN,
        "nauc_precision_at_1_max": 0.830688,
        "nauc_precision_at_1_std": -0.033268,
        "nauc_precision_at_1_diff1": 0.915859,
        "nauc_precision_at_3_max": 0.933155,
        "nauc_precision_at_3_std": 0.056648,
        "nauc_precision_at_3_diff1": 0.955065,
        "nauc_precision_at_5_max": 0.947514,
        "nauc_precision_at_5_std": 0.110602,
        "nauc_precision_at_5_diff1": 0.959893,
        "nauc_precision_at_10_max": 0.936197,
        "nauc_precision_at_10_std": 0.248722,
        "nauc_precision_at_10_diff1": 0.961874,
        "nauc_precision_at_20_max": 0.944252,
        "nauc_precision_at_20_std": 0.207832,
        "nauc_precision_at_20_diff1": 0.969243,
        "nauc_precision_at_100_max": 0.944444,
        "nauc_precision_at_100_std": 0.554715,
        "nauc_precision_at_100_diff1": 1.0,
        "nauc_precision_at_1000_max": NaN,
        "nauc_precision_at_1000_std": NaN,
        "nauc_precision_at_1000_diff1": NaN,
        "nauc_mrr_at_1_max": 0.830688,
        "nauc_mrr_at_1_std": -0.033268,
        "nauc_mrr_at_1_diff1": 0.915859,
        "nauc_mrr_at_3_max": 0.863897,
        "nauc_mrr_at_3_std": -0.013245,
        "nauc_mrr_at_3_diff1": 0.926734,
        "nauc_mrr_at_5_max": 0.863175,
        "nauc_mrr_at_5_std": -0.010676,
        "nauc_mrr_at_5_diff1": 0.926283,
        "nauc_mrr_at_10_max": 0.86076,
        "nauc_mrr_at_10_std": -0.008387,
        "nauc_mrr_at_10_diff1": 0.925577,
        "nauc_mrr_at_20_max": 0.860565,
        "nauc_mrr_at_20_std": -0.010237,
        "nauc_mrr_at_20_diff1": 0.925618,
        "nauc_mrr_at_100_max": 0.860244,
        "nauc_mrr_at_100_std": -0.010589,
        "nauc_mrr_at_100_diff1": 0.925449,
        "nauc_mrr_at_1000_max": 0.860193,
        "nauc_mrr_at_1000_std": -0.01088,
        "nauc_mrr_at_1000_diff1": 0.925413,
        "main_score": 0.93565,
        "hf_subset": "kor_Hang-kor_Hang",
        "languages": [
          "kor-Hang",
          "kor-Hang"
        ]
      },
      {
        "ndcg_at_1": 0.85889,
        "ndcg_at_3": 0.89763,
        "ndcg_at_5": 0.90896,
        "ndcg_at_10": 0.91464,
        "ndcg_at_20": 0.9178,
        "ndcg_at_100": 0.92018,
        "ndcg_at_1000": 0.92092,
        "map_at_1": 0.85889,
        "map_at_3": 0.88833,
        "map_at_5": 0.89456,
        "map_at_10": 0.89687,
        "map_at_20": 0.89776,
        "map_at_100": 0.89813,
        "map_at_1000": 0.89817,
        "recall_at_1": 0.85889,
        "recall_at_3": 0.92444,
        "recall_at_5": 0.95222,
        "recall_at_10": 0.97,
        "recall_at_20": 0.98222,
        "recall_at_100": 0.99444,
        "recall_at_1000": 1.0,
        "precision_at_1": 0.85889,
        "precision_at_3": 0.30815,
        "precision_at_5": 0.19044,
        "precision_at_10": 0.097,
        "precision_at_20": 0.04911,
        "precision_at_100": 0.00994,
        "precision_at_1000": 0.001,
        "mrr_at_1": 0.858889,
        "mrr_at_3": 0.888333,
        "mrr_at_5": 0.894556,
        "mrr_at_10": 0.896865,
        "mrr_at_20": 0.897761,
        "mrr_at_100": 0.898133,
        "mrr_at_1000": 0.898166,
        "nauc_ndcg_at_1_max": 0.792616,
        "nauc_ndcg_at_1_std": -0.213739,
        "nauc_ndcg_at_1_diff1": 0.891189,
        "nauc_ndcg_at_3_max": 0.820767,
        "nauc_ndcg_at_3_std": -0.165491,
        "nauc_ndcg_at_3_diff1": 0.886278,
        "nauc_ndcg_at_5_max": 0.817592,
        "nauc_ndcg_at_5_std": -0.192122,
        "nauc_ndcg_at_5_diff1": 0.88626,
        "nauc_ndcg_at_10_max": 0.815608,
        "nauc_ndcg_at_10_std": -0.193701,
        "nauc_ndcg_at_10_diff1": 0.885809,
        "nauc_ndcg_at_20_max": 0.815192,
        "nauc_ndcg_at_20_std": -0.172337,
        "nauc_ndcg_at_20_diff1": 0.884578,
        "nauc_ndcg_at_100_max": 0.810219,
        "nauc_ndcg_at_100_std": -0.174517,
        "nauc_ndcg_at_100_diff1": 0.884435,
        "nauc_ndcg_at_1000_max": 0.81023,
        "nauc_ndcg_at_1000_std": -0.18246,
        "nauc_ndcg_at_1000_diff1": 0.885272,
        "nauc_map_at_1_max": 0.792616,
        "nauc_map_at_1_std": -0.213739,