{
  "dataset_revision": "d243889a3eb6654029dbd7e7f9319ae31d58f97c",
  "task_name": "Ko-StrategyQA",
  "mteb_version": "1.24.1",
  "scores": {
    "dev": [
      {
        "ndcg_at_1": 0.74493,
        "ndcg_at_3": 0.73059,
        "ndcg_at_5": 0.75947,
        "ndcg_at_10": 0.77928,
        "ndcg_at_20": 0.78618,
        "ndcg_at_100": 0.79581,
        "ndcg_at_1000": 0.80497,
        "map_at_1": 0.483,
        "map_at_3": 0.6875,
        "map_at_5": 0.71739,
        "map_at_10": 0.73067,
        "map_at_20": 0.73404,
        "map_at_100": 0.73606,
        "map_at_1000": 0.73645,
        "recall_at_1": 0.483,
        "recall_at_3": 0.73754,
        "recall_at_5": 0.79632,
        "recall_at_10": 0.84415,
        "recall_at_20": 0.86414,
        "recall_at_100": 0.90386,
        "recall_at_1000": 0.96326,
        "precision_at_1": 0.74493,
        "precision_at_3": 0.43187,
        "precision_at_5": 0.28818,
        "precision_at_10": 0.15473,
        "precision_at_20": 0.08007,
        "precision_at_100": 0.01704,
        "precision_at_1000": 0.00184,
        "mrr_at_1": 0.744932,
        "mrr_at_3": 0.791948,
        "mrr_at_5": 0.7971,
        "mrr_at_10": 0.80024,
        "mrr_at_20": 0.800704,
        "mrr_at_100": 0.801287,
        "mrr_at_1000": 0.801503,
        "nauc_ndcg_at_1_max": 0.615049,
        "nauc_ndcg_at_1_std": -0.14238,
        "nauc_ndcg_at_1_diff1": 0.59092,
        "nauc_ndcg_at_3_max": 0.630097,
        "nauc_ndcg_at_3_std": -0.144578,
        "nauc_ndcg_at_3_diff1": 0.550922,
        "nauc_ndcg_at_5_max": 0.67371,
        "nauc_ndcg_at_5_std": -0.123784,
        "nauc_ndcg_at_5_diff1": 0.530902,
        "nauc_ndcg_at_10_max": 0.691685,
        "nauc_ndcg_at_10_std": -0.099105,
        "nauc_ndcg_at_10_diff1": 0.550456,
        "nauc_ndcg_at_20_max": 0.698551,
        "nauc_ndcg_at_20_std": -0.093908,
        "nauc_ndcg_at_20_diff1": 0.550832,
        "nauc_ndcg_at_100_max": 0.701551,
        "nauc_ndcg_at_100_std": -0.099803,
        "nauc_ndcg_at_100_diff1": 0.562719,
        "nauc_ndcg_at_1000_max": 0.68965,
        "nauc_ndcg_at_1000_std": -0.11045,
        "nauc_ndcg_at_1000_diff1": 0.556419,
        "nauc_map_at_1_max": 0.299109,
        "nauc_map_at_1_std": -0.182433,
        "nauc_map_at_1_diff1": 0.552303,
        "nauc_map_at_3_max": 0.568204,
        "nauc_map_at_3_std": -0.1517,
        "nauc_map_at_3_diff1": 0.528191,
        "nauc_map_at_5_max": 0.612199,
        "nauc_map_at_5_std": -0.13831,
        "nauc_map_at_5_diff1": 0.510852,
        "nauc_map_at_10_max": 0.623461,
        "nauc_map_at_10_std": -0.12404,
        "nauc_map_at_10_diff1": 0.522774,
        "nauc_map_at_20_max": 0.626384,
        "nauc_map_at_20_std": -0.122297,
        "nauc_map_at_20_diff1": 0.523002,
        "nauc_map_at_100_max": 0.626901,
        "nauc_map_at_100_std": -0.1242,
        "nauc_map_at_100_diff1": 0.525046,
        "nauc_map_at_1000_max": 0.626463,
        "nauc_map_at_1000_std": -0.124658,
        "nauc_map_at_1000_diff1": 0.524834,
        "nauc_recall_at_1_max": 0.299109,
        "nauc_recall_at_1_std": -0.182433,
        "nauc_recall_at_1_diff1": 0.552303,
        "nauc_recall_at_3_max": 0.631729,
        "nauc_recall_at_3_std": -0.142954,
        "nauc_recall_at_3_diff1": 0.527655,
        "nauc_recall_at_5_max": 0.734371,
        "nauc_recall_at_5_std": -0.095365,
        "nauc_recall_at_5_diff1": 0.492807,
        "nauc_recall_at_10_max": 0.799519,
        "nauc_recall_at_10_std": -0.018467,
        "nauc_recall_at_10_diff1": 0.542174,
        "nauc_recall_at_20_max": 0.847117,
        "nauc_recall_at_20_std": 0.01262,
        "nauc_recall_at_20_diff1": 0.547834,
        "nauc_recall_at_100_max": 0.938429,
        "nauc_recall_at_100_std": 0.027472,
        "nauc_recall_at_100_diff1": 0.654018,
        "nauc_recall_at_1000_max": 0.960325,
        "nauc_recall_at_1000_std": -0.093408,
        "nauc_recall_at_1000_diff1": 0.618392,
        "nauc_precision_at_1_max": 0.615049,
        "nauc_precision_at_1_std": -0.14238,
        "nauc_precision_at_1_diff1": 0.59092,
        "nauc_precision_at_3_max": 0.438944,
        "nauc_precision_at_3_std": 0.023868,
        "nauc_precision_at_3_diff1": 0.057681,
        "nauc_precision_at_5_max": 0.374342,
        "nauc_precision_at_5_std": 0.062987,
        "nauc_precision_at_5_diff1": -0.048985,
        "nauc_precision_at_10_max": 0.324767,
        "nauc_precision_at_10_std": 0.122046,
        "nauc_precision_at_10_diff1": -0.078587,
        "nauc_precision_at_20_max": 0.290781,
        "nauc_precision_at_20_std": 0.139902,
        "nauc_precision_at_20_diff1": -0.106571,
        "nauc_precision_at_100_max": 0.206329,
        "nauc_precision_at_100_std": 0.127934,
        "nauc_precision_at_100_diff1": -0.143514,
        "nauc_precision_at_1000_max": 0.041909,
        "nauc_precision_at_1000_std": 0.116092,
        "nauc_precision_at_1000_diff1": -0.281191,
        "nauc_mrr_at_1_max": 0.615049,
        "nauc_mrr_at_1_std": -0.14238,
        "nauc_mrr_at_1_diff1": 0.59092,
        "nauc_mrr_at_3_max": 0.721179,
        "nauc_mrr_at_3_std": -0.121125,
        "nauc_mrr_at_3_diff1": 0.61284,
        "nauc_mrr_at_5_max": 0.722222,
        "nauc_mrr_at_5_std": -0.116998,
        "nauc_mrr_at_5_diff1": 0.615753,
        "nauc_mrr_at_10_max": 0.720789,
        "nauc_mrr_at_10_std": -0.113735,
        "nauc_mrr_at_10_diff1": 0.616635,
        "nauc_mrr_at_20_max": 0.720193,
        "nauc_mrr_at_20_std": -0.114591,
        "nauc_mrr_at_20_diff1": 0.616528,
        "nauc_mrr_at_100_max": 0.719598,
        "nauc_mrr_at_100_std": -0.114953,
        "nauc_mrr_at_100_diff1": 0.61637,
        "nauc_mrr_at_1000_max": 0.719323,
        "nauc_mrr_at_1000_std": -0.115165,
        "nauc_mrr_at_1000_diff1": 0.616173,
        "main_score": 0.77928,
        "hf_subset": "default",
        "languages": [
          "kor-Hang"
        ]
      }
    ]
  },
  "evaluation_time": 30.61330008506775,
  "kg_co2_emissions": null
}