{
  "dataset_revision": "main",
  "task_name": "MIRACLRetrieval",
  "mteb_version": "1.24.1",
  "scores": {
    "dev": [
      {
        "ndcg_at_1": 0.41315,
        "ndcg_at_3": 0.43402,
        "ndcg_at_5": 0.45247,
        "ndcg_at_10": 0.48872,
        "ndcg_at_20": 0.51678,
        "ndcg_at_100": 0.55678,
        "ndcg_at_1000": 0.58012,
        "map_at_1": 0.25618,
        "map_at_3": 0.34296,
        "map_at_5": 0.37052,
        "map_at_10": 0.39479,
        "map_at_20": 0.40624,
        "map_at_100": 0.41636,
        "map_at_1000": 0.41835,
        "recall_at_1": 0.25618,
        "recall_at_3": 0.40975,
        "recall_at_5": 0.49806,
        "recall_at_10": 0.61559,
        "recall_at_20": 0.69889,
        "recall_at_100": 0.84608,
        "recall_at_1000": 0.97003,
        "precision_at_1": 0.41315,
        "precision_at_3": 0.26448,
        "precision_at_5": 0.19718,
        "precision_at_10": 0.12488,
        "precision_at_20": 0.07512,
        "precision_at_100": 0.02028,
        "precision_at_1000": 0.0025,
        "mrr_at_1": 0.413146,
        "mrr_at_3": 0.507825,
        "mrr_at_5": 0.527308,
        "mrr_at_10": 0.543682,
        "mrr_at_20": 0.547025,
        "mrr_at_100": 0.549201,
        "mrr_at_1000": 0.549424,
        "nauc_ndcg_at_1_max": 0.436237,
        "nauc_ndcg_at_1_std": 0.009209,
        "nauc_ndcg_at_1_diff1": 0.283228,
        "nauc_ndcg_at_3_max": 0.386817,
        "nauc_ndcg_at_3_std": -0.134983,
        "nauc_ndcg_at_3_diff1": 0.276988,
        "nauc_ndcg_at_5_max": 0.399714,
        "nauc_ndcg_at_5_std": -0.137775,
        "nauc_ndcg_at_5_diff1": 0.285316,
        "nauc_ndcg_at_10_max": 0.424335,
        "nauc_ndcg_at_10_std": -0.139618,
        "nauc_ndcg_at_10_diff1": 0.326212,
        "nauc_ndcg_at_20_max": 0.457161,
        "nauc_ndcg_at_20_std": -0.114519,
        "nauc_ndcg_at_20_diff1": 0.325887,
        "nauc_ndcg_at_100_max": 0.451259,
        "nauc_ndcg_at_100_std": -0.084274,
        "nauc_ndcg_at_100_diff1": 0.306377,
        "nauc_ndcg_at_1000_max": 0.442601,
        "nauc_ndcg_at_1000_std": -0.062104,
        "nauc_ndcg_at_1000_diff1": 0.299084,
        "nauc_map_at_1_max": 0.411128,
        "nauc_map_at_1_std": -0.207254,
        "nauc_map_at_1_diff1": 0.375904,
        "nauc_map_at_3_max": 0.406839,
        "nauc_map_at_3_std": -0.243737,
        "nauc_map_at_3_diff1": 0.345943,
        "nauc_map_at_5_max": 0.407942,
        "nauc_map_at_5_std": -0.21095,
        "nauc_map_at_5_diff1": 0.339136,
        "nauc_map_at_10_max": 0.41936,
        "nauc_map_at_10_std": -0.192806,
        "nauc_map_at_10_diff1": 0.345872,
        "nauc_map_at_20_max": 0.428631,
        "nauc_map_at_20_std": -0.180855,
        "nauc_map_at_20_diff1": 0.344484,
        "nauc_map_at_100_max": 0.428327,
        "nauc_map_at_100_std": -0.171836,
        "nauc_map_at_100_diff1": 0.339062,
        "nauc_map_at_1000_max": 0.427992,
        "nauc_map_at_1000_std": -0.169043,
        "nauc_map_at_1000_diff1": 0.338341,
        "nauc_recall_at_1_max": 0.411128,
        "nauc_recall_at_1_std": -0.207254,
        "nauc_recall_at_1_diff1": 0.375904,
        "nauc_recall_at_3_max": 0.363312,
        "nauc_recall_at_3_std": -0.273304,
        "nauc_recall_at_3_diff1": 0.287853,
        "nauc_recall_at_5_max": 0.354379,
        "nauc_recall_at_5_std": -0.212917,
        "nauc_recall_at_5_diff1": 0.265821,
        "nauc_recall_at_10_max": 0.362571,
        "nauc_recall_at_10_std": -0.170542,
        "nauc_recall_at_10_diff1": 0.299613,
        "nauc_recall_at_20_max": 0.454439,
        "nauc_recall_at_20_std": -0.115485,
        "nauc_recall_at_20_diff1": 0.288126,
        "nauc_recall_at_100_max": 0.458948,
        "nauc_recall_at_100_std": -0.049958,
        "nauc_recall_at_100_diff1": 0.215461,
        "nauc_recall_at_1000_max": 0.590051,
        "nauc_recall_at_1000_std": 0.396189,
        "nauc_recall_at_1000_diff1": 0.029668,
        "nauc_precision_at_1_max": 0.436237,
        "nauc_precision_at_1_std": 0.009209,
        "nauc_precision_at_1_diff1": 0.283228,
        "nauc_precision_at_3_max": 0.213436,
        "nauc_precision_at_3_std": 0.080175,
        "nauc_precision_at_3_diff1": 0.050231,
        "nauc_precision_at_5_max": 0.134522,
        "nauc_precision_at_5_std": 0.206527,
        "nauc_precision_at_5_diff1": -0.026593,
        "nauc_precision_at_10_max": 0.094586,
        "nauc_precision_at_10_std": 0.288538,
        "nauc_precision_at_10_diff1": -0.068237,
        "nauc_precision_at_20_max": 0.076946,
        "nauc_precision_at_20_std": 0.365009,
        "nauc_precision_at_20_diff1": -0.117854,
        "nauc_precision_at_100_max": -0.018286,
        "nauc_precision_at_100_std": 0.418424,
        "nauc_precision_at_100_diff1": -0.206377,
        "nauc_precision_at_1000_max": -0.094638,
        "nauc_precision_at_1000_std": 0.443544,
        "nauc_precision_at_1000_diff1": -0.233901,
        "nauc_mrr_at_1_max": 0.436237,
        "nauc_mrr_at_1_std": 0.009209,
        "nauc_mrr_at_1_diff1": 0.283228,
        "nauc_mrr_at_3_max": 0.420629,
        "nauc_mrr_at_3_std": -0.007398,
        "nauc_mrr_at_3_diff1": 0.24673,
        "nauc_mrr_at_5_max": 0.423807,
        "nauc_mrr_at_5_std": 0.013509,
        "nauc_mrr_at_5_diff1": 0.242751,
        "nauc_mrr_at_10_max": 0.427476,
        "nauc_mrr_at_10_std": 0.026063,
        "nauc_mrr_at_10_diff1": 0.255839,
        "nauc_mrr_at_20_max": 0.435321,
        "nauc_mrr_at_20_std": 0.024161,
        "nauc_mrr_at_20_diff1": 0.258157,
        "nauc_mrr_at_100_max": 0.434755,
        "nauc_mrr_at_100_std": 0.024575,
        "nauc_mrr_at_100_diff1": 0.258555,
        "nauc_mrr_at_1000_max": 0.434621,
        "nauc_mrr_at_1000_std": 0.024431,
        "nauc_mrr_at_1000_diff1": 0.258548,
        "main_score": 0.48872,
        "hf_subset": "ko",
        "languages": [
          "kor-Kore"
        ]
      }
    ]
  },
  "evaluation_time": 3031.244799852371,
  "kg_co2_emissions": null
}