{
  "dataset_revision": "fc24a3ce8f09746410daee3d5cd823ff7a0675b7",
  "task_name": "MrTidyRetrieval",
  "mteb_version": "1.24.1",
  "scores": {
    "test": [
      {
        "ndcg_at_1": 0.28979,
        "ndcg_at_3": 0.39403,
        "ndcg_at_5": 0.42565,
        "ndcg_at_10": 0.46047,
        "ndcg_at_20": 0.48088,
        "ndcg_at_100": 0.50843,
        "ndcg_at_1000": 0.51795,
        "map_at_1": 0.26603,
        "map_at_3": 0.3594,
        "map_at_5": 0.37727,
        "map_at_10": 0.39252,
        "map_at_20": 0.39871,
        "map_at_100": 0.40264,
        "map_at_1000": 0.40302,
        "recall_at_1": 0.26603,
        "recall_at_3": 0.4707,
        "recall_at_5": 0.54315,
        "recall_at_10": 0.64727,
        "recall_at_20": 0.7213,
        "recall_at_100": 0.86698,
        "recall_at_1000": 0.93824,
        "precision_at_1": 0.28979,
        "precision_at_3": 0.1734,
        "precision_at_5": 0.12209,
        "precision_at_10": 0.07268,
        "precision_at_20": 0.04121,
        "precision_at_100": 0.01002,
        "precision_at_1000": 0.00109,
        "mrr_at_1": 0.289786,
        "mrr_at_3": 0.383215,
        "mrr_at_5": 0.401742,
        "mrr_at_10": 0.41527,
        "mrr_at_20": 0.420865,
        "mrr_at_100": 0.423794,
        "mrr_at_1000": 0.424096,
        "nauc_ndcg_at_1_max": 0.431653,
        "nauc_ndcg_at_1_std": -0.125152,
        "nauc_ndcg_at_1_diff1": 0.449387,
        "nauc_ndcg_at_3_max": 0.395688,
        "nauc_ndcg_at_3_std": -0.086439,
        "nauc_ndcg_at_3_diff1": 0.353895,
        "nauc_ndcg_at_5_max": 0.388159,
        "nauc_ndcg_at_5_std": -0.06776,
        "nauc_ndcg_at_5_diff1": 0.335158,
        "nauc_ndcg_at_10_max": 0.392906,
        "nauc_ndcg_at_10_std": -0.065464,
        "nauc_ndcg_at_10_diff1": 0.340178,
        "nauc_ndcg_at_20_max": 0.389412,
        "nauc_ndcg_at_20_std": -0.057285,
        "nauc_ndcg_at_20_diff1": 0.336404,
        "nauc_ndcg_at_100_max": 0.391246,
        "nauc_ndcg_at_100_std": -0.045818,
        "nauc_ndcg_at_100_diff1": 0.345148,
        "nauc_ndcg_at_1000_max": 0.392828,
        "nauc_ndcg_at_1000_std": -0.059406,
        "nauc_ndcg_at_1000_diff1": 0.350143,
        "nauc_map_at_1_max": 0.426316,
        "nauc_map_at_1_std": -0.126885,
        "nauc_map_at_1_diff1": 0.446879,
        "nauc_map_at_3_max": 0.398944,
        "nauc_map_at_3_std": -0.095738,
        "nauc_map_at_3_diff1": 0.373043,
        "nauc_map_at_5_max": 0.394804,
        "nauc_map_at_5_std": -0.088101,
        "nauc_map_at_5_diff1": 0.36258,
        "nauc_map_at_10_max": 0.398333,
        "nauc_map_at_10_std": -0.086128,
        "nauc_map_at_10_diff1": 0.366515,
        "nauc_map_at_20_max": 0.398033,
        "nauc_map_at_20_std": -0.082757,
        "nauc_map_at_20_diff1": 0.365248,
        "nauc_map_at_100_max": 0.398009,
        "nauc_map_at_100_std": -0.082477,
        "nauc_map_at_100_diff1": 0.366404,
        "nauc_map_at_1000_max": 0.398191,
        "nauc_map_at_1000_std": -0.082882,
        "nauc_map_at_1000_diff1": 0.366659,
        "nauc_recall_at_1_max": 0.426316,
        "nauc_recall_at_1_std": -0.126885,
        "nauc_recall_at_1_diff1": 0.446879,
        "nauc_recall_at_3_max": 0.364754,
        "nauc_recall_at_3_std": -0.05913,
        "nauc_recall_at_3_diff1": 0.285142,
        "nauc_recall_at_5_max": 0.341766,
        "nauc_recall_at_5_std": -0.009222,
        "nauc_recall_at_5_diff1": 0.235275,
        "nauc_recall_at_10_max": 0.343828,
        "nauc_recall_at_10_std": 0.004194,
        "nauc_recall_at_10_diff1": 0.230553,
        "nauc_recall_at_20_max": 0.317791,
        "nauc_recall_at_20_std": 0.056248,
        "nauc_recall_at_20_diff1": 0.197883,
        "nauc_recall_at_100_max": 0.297181,
        "nauc_recall_at_100_std": 0.307817,
        "nauc_recall_at_100_diff1": 0.189559,
        "nauc_recall_at_1000_max": 0.244455,
        "nauc_recall_at_1000_std": 0.214472,
        "nauc_recall_at_1000_diff1": 0.195219,
        "nauc_precision_at_1_max": 0.431653,
        "nauc_precision_at_1_std": -0.125152,
        "nauc_precision_at_1_diff1": 0.449387,
        "nauc_precision_at_3_max": 0.356539,
        "nauc_precision_at_3_std": -0.05335,
        "nauc_precision_at_3_diff1": 0.270286,
        "nauc_precision_at_5_max": 0.326476,
        "nauc_precision_at_5_std": -0.011533,
        "nauc_precision_at_5_diff1": 0.214626,
        "nauc_precision_at_10_max": 0.312798,
        "nauc_precision_at_10_std": 0.015635,
        "nauc_precision_at_10_diff1": 0.194171,
        "nauc_precision_at_20_max": 0.25697,
        "nauc_precision_at_20_std": 0.052232,
        "nauc_precision_at_20_diff1": 0.130197,
        "nauc_precision_at_100_max": 0.12135,
        "nauc_precision_at_100_std": 0.148138,
        "nauc_precision_at_100_diff1": 0.057049,
        "nauc_precision_at_1000_max": 0.06419,
        "nauc_precision_at_1000_std": 0.043448,
        "nauc_precision_at_1000_diff1": 0.027338,
        "nauc_mrr_at_1_max": 0.431653,
        "nauc_mrr_at_1_std": -0.125152,
        "nauc_mrr_at_1_diff1": 0.449387,
        "nauc_mrr_at_3_max": 0.409254,
        "nauc_mrr_at_3_std": -0.095155,
        "nauc_mrr_at_3_diff1": 0.380054,
        "nauc_mrr_at_5_max": 0.405655,
        "nauc_mrr_at_5_std": -0.082024,
        "nauc_mrr_at_5_diff1": 0.370204,
        "nauc_mrr_at_10_max": 0.407082,
        "nauc_mrr_at_10_std": -0.083433,
        "nauc_mrr_at_10_diff1": 0.372648,
        "nauc_mrr_at_20_max": 0.405423,
        "nauc_mrr_at_20_std": -0.083611,
        "nauc_mrr_at_20_diff1": 0.37206,
        "nauc_mrr_at_100_max": 0.406244,
        "nauc_mrr_at_100_std": -0.082328,
        "nauc_mrr_at_100_diff1": 0.373268,
        "nauc_mrr_at_1000_max": 0.406167,
        "nauc_mrr_at_1000_std": -0.082733,
        "nauc_mrr_at_1000_diff1": 0.373362,
        "main_score": 0.46047,
        "hf_subset": "korean",
        "languages": [
          "kor-Kore"
        ]
      }
    ]
  },
  "evaluation_time": 3056.1402921676636,
  "kg_co2_emissions": null
}