{
  "dataset_revision": "d67138e705d963e346253a80e59676ddb418810a",
  "task_name": "MultiLongDocRetrieval",
  "mteb_version": "1.24.1",
  "scores": {
    "dev": [
      {
        "ndcg_at_1": 0.2,
        "ndcg_at_3": 0.25667,
        "ndcg_at_5": 0.27108,
        "ndcg_at_10": 0.28372,
        "ndcg_at_20": 0.29632,
        "ndcg_at_100": 0.31563,
        "ndcg_at_1000": 0.35205,
        "map_at_1": 0.2,
        "map_at_3": 0.24333,
        "map_at_5": 0.25133,
        "map_at_10": 0.25637,
        "map_at_20": 0.25981,
        "map_at_100": 0.2624,
        "map_at_1000": 0.26351,
        "recall_at_1": 0.2,
        "recall_at_3": 0.295,
        "recall_at_5": 0.33,
        "recall_at_10": 0.37,
        "recall_at_20": 0.42,
        "recall_at_100": 0.525,
        "recall_at_1000": 0.825,
        "precision_at_1": 0.2,
        "precision_at_3": 0.09833,
        "precision_at_5": 0.066,
        "precision_at_10": 0.037,
        "precision_at_20": 0.021,
        "precision_at_100": 0.00525,
        "precision_at_1000": 0.00083,
        "mrr_at_1": 0.2,
        "mrr_at_3": 0.243333,
        "mrr_at_5": 0.251333,
        "mrr_at_10": 0.256367,
        "mrr_at_20": 0.259806,
        "mrr_at_100": 0.262401,
        "mrr_at_1000": 0.263506,
        "nauc_ndcg_at_1_max": 0.255715,
        "nauc_ndcg_at_1_std": -0.045778,
        "nauc_ndcg_at_1_diff1": 0.490378,
        "nauc_ndcg_at_3_max": 0.262536,
        "nauc_ndcg_at_3_std": -0.042951,
        "nauc_ndcg_at_3_diff1": 0.503761,
        "nauc_ndcg_at_5_max": 0.281302,
        "nauc_ndcg_at_5_std": -0.023066,
        "nauc_ndcg_at_5_diff1": 0.496416,
        "nauc_ndcg_at_10_max": 0.264733,
        "nauc_ndcg_at_10_std": -0.024189,
        "nauc_ndcg_at_10_diff1": 0.513152,
        "nauc_ndcg_at_20_max": 0.2762,
        "nauc_ndcg_at_20_std": -0.029225,
        "nauc_ndcg_at_20_diff1": 0.490034,
        "nauc_ndcg_at_100_max": 0.286467,
        "nauc_ndcg_at_100_std": -0.019572,
        "nauc_ndcg_at_100_diff1": 0.479033,
        "nauc_ndcg_at_1000_max": 0.286186,
        "nauc_ndcg_at_1000_std": -0.006923,
        "nauc_ndcg_at_1000_diff1": 0.468099,
        "nauc_map_at_1_max": 0.255715,
        "nauc_map_at_1_std": -0.045778,
        "nauc_map_at_1_diff1": 0.490378,
        "nauc_map_at_3_max": 0.256454,
        "nauc_map_at_3_std": -0.04334,
        "nauc_map_at_3_diff1": 0.502504,
        "nauc_map_at_5_max": 0.267942,
        "nauc_map_at_5_std": -0.032057,
        "nauc_map_at_5_diff1": 0.497927,
        "nauc_map_at_10_max": 0.261056,
        "nauc_map_at_10_std": -0.031713,
        "nauc_map_at_10_diff1": 0.504197,
        "nauc_map_at_20_max": 0.263844,
        "nauc_map_at_20_std": -0.032799,
        "nauc_map_at_20_diff1": 0.498165,
        "nauc_map_at_100_max": 0.26587,
        "nauc_map_at_100_std": -0.031351,
        "nauc_map_at_100_diff1": 0.4964,
        "nauc_map_at_1000_max": 0.2658,
        "nauc_map_at_1000_std": -0.030715,
        "nauc_map_at_1000_diff1": 0.496189,
        "nauc_recall_at_1_max": 0.255715,
        "nauc_recall_at_1_std": -0.045778,
        "nauc_recall_at_1_diff1": 0.490378,
        "nauc_recall_at_3_max": 0.280323,
        "nauc_recall_at_3_std": -0.042013,
        "nauc_recall_at_3_diff1": 0.506433,
        "nauc_recall_at_5_max": 0.319301,
        "nauc_recall_at_5_std": 0.002882,
        "nauc_recall_at_5_diff1": 0.491333,
        "nauc_recall_at_10_max": 0.271177,
        "nauc_recall_at_10_std": -0.004551,
        "nauc_recall_at_10_diff1": 0.542727,
        "nauc_recall_at_20_max": 0.31522,
        "nauc_recall_at_20_std": -0.025067,
        "nauc_recall_at_20_diff1": 0.456114,
        "nauc_recall_at_100_max": 0.360455,
        "nauc_recall_at_100_std": 0.023163,
        "nauc_recall_at_100_diff1": 0.400485,
        "nauc_recall_at_1000_max": 0.443761,
        "nauc_recall_at_1000_std": 0.224827,
        "nauc_recall_at_1000_diff1": 0.142108,
        "nauc_precision_at_1_max": 0.255715,
        "nauc_precision_at_1_std": -0.045778,
        "nauc_precision_at_1_diff1": 0.490378,
        "nauc_precision_at_3_max": 0.280323,
        "nauc_precision_at_3_std": -0.042013,
        "nauc_precision_at_3_diff1": 0.506433,
        "nauc_precision_at_5_max": 0.319301,
        "nauc_precision_at_5_std": 0.002882,
        "nauc_precision_at_5_diff1": 0.491333,
        "nauc_precision_at_10_max": 0.271177,
        "nauc_precision_at_10_std": -0.004551,
        "nauc_precision_at_10_diff1": 0.542727,
        "nauc_precision_at_20_max": 0.31522,
        "nauc_precision_at_20_std": -0.025067,
        "nauc_precision_at_20_diff1": 0.456114,
        "nauc_precision_at_100_max": 0.360455,
        "nauc_precision_at_100_std": 0.023163,
        "nauc_precision_at_100_diff1": 0.400485,
        "nauc_precision_at_1000_max": 0.443761,
        "nauc_precision_at_1000_std": 0.224827,
        "nauc_precision_at_1000_diff1": 0.142108,
        "nauc_mrr_at_1_max": 0.255715,
        "nauc_mrr_at_1_std": -0.045778,
        "nauc_mrr_at_1_diff1": 0.490378,
        "nauc_mrr_at_3_max": 0.256454,
        "nauc_mrr_at_3_std": -0.04334,
        "nauc_mrr_at_3_diff1": 0.502504,
        "nauc_mrr_at_5_max": 0.267942,
        "nauc_mrr_at_5_std": -0.032057,
        "nauc_mrr_at_5_diff1": 0.497927,
        "nauc_mrr_at_10_max": 0.261056,
        "nauc_mrr_at_10_std": -0.031713,
        "nauc_mrr_at_10_diff1": 0.504197,
        "nauc_mrr_at_20_max": 0.263844,
        "nauc_mrr_at_20_std": -0.032799,
        "nauc_mrr_at_20_diff1": 0.498165,
        "nauc_mrr_at_100_max": 0.26587,
        "nauc_mrr_at_100_std": -0.031351,
        "nauc_mrr_at_100_diff1": 0.4964,
        "nauc_mrr_at_1000_max": 0.2658,
        "nauc_mrr_at_1000_std": -0.030715,
        "nauc_mrr_at_1000_diff1": 0.496189,
        "main_score": 0.28372,
        "hf_subset": "ko",
        "languages": [
          "kor-Hang"
        ]
      }
    ],
    "test": [
      {
        "ndcg_at_1": 0.23,
        "ndcg_at_3": 0.2772,
        "ndcg_at_5": 0.2914,
        "ndcg_at_10": 0.30266,
        "ndcg_at_20": 0.31269,
        "ndcg_at_100": 0.33586,
        "ndcg_at_1000": 0.36216,
        "map_at_1": 0.23,
        "map_at_3": 0.26583,
        "map_at_5": 0.27358,
        "map_at_10": 0.2782,
        "map_at_20": 0.28091,
        "map_at_100": 0.28409,
        "map_at_1000": 0.28485,
        "recall_at_1": 0.23,
        "recall_at_3": 0.31,
        "recall_at_5": 0.345,
        "recall_at_10": 0.38,
        "recall_at_20": 0.42,
        "recall_at_100": 0.545,
        "recall_at_1000": 0.765,
        "precision_at_1": 0.23,
        "precision_at_3": 0.10333,
        "precision_at_5": 0.069,
        "precision_at_10": 0.038,
        "precision_at_20": 0.021,
        "precision_at_100": 0.00545,
        "precision_at_1000": 0.00077,
        "mrr_at_1": 0.23,
        "mrr_at_3": 0.265833,
        "mrr_at_5": 0.273583,
        "mrr_at_10": 0.2782,
        "mrr_at_20": 0.280906,
        "mrr_at_100": 0.284092,
        "mrr_at_1000": 0.284853,
        "nauc_ndcg_at_1_max": 0.388775,
        "nauc_ndcg_at_1_std": 0.06378,
        "nauc_ndcg_at_1_diff1": 0.562148,
        "nauc_ndcg_at_3_max": 0.365376,
        "nauc_ndcg_at_3_std": 0.0481,
        "nauc_ndcg_at_3_diff1": 0.514944,
        "nauc_ndcg_at_5_max": 0.374293,
        "nauc_ndcg_at_5_std": 0.048015,
        "nauc_ndcg_at_5_diff1": 0.519855,
        "nauc_ndcg_at_10_max": 0.368505,
        "nauc_ndcg_at_10_std": 0.046544,
        "nauc_ndcg_at_10_diff1": 0.49537,
        "nauc_ndcg_at_20_max": 0.376105,
        "nauc_ndcg_at_20_std": 0.069171,
        "nauc_ndcg_at_20_diff1": 0.488632,
        "nauc_ndcg_at_100_max": 0.382648,
        "nauc_ndcg_at_100_std": 0.064025,
        "nauc_ndcg_at_100_diff1": 0.480066,
        "nauc_ndcg_at_1000_max": 0.382287,
        "nauc_ndcg_at_1000_std": 0.079116,
        "nauc_ndcg_at_1000_diff1": 0.475414,
        "nauc_map_at_1_max": 0.388775,
        "nauc_map_at_1_std": 0.06378,
        "nauc_map_at_1_diff1": 0.562148,