{
  "dataset_revision": "main",
  "task_name": "PublicHealthQA",
  "mteb_version": "1.24.1",
  "scores": {
    "test": [
      {
        "ndcg_at_1": 0.7013,
        "ndcg_at_3": 0.78973,
        "ndcg_at_5": 0.80594,
        "ndcg_at_10": 0.82877,
        "ndcg_at_20": 0.8392,
        "ndcg_at_100": 0.84164,
        "ndcg_at_1000": 0.84164,
        "map_at_1": 0.7013,
        "map_at_3": 0.77056,
        "map_at_5": 0.77965,
        "map_at_10": 0.79017,
        "map_at_20": 0.79334,
        "map_at_100": 0.79367,
        "map_at_1000": 0.79367,
        "recall_at_1": 0.7013,
        "recall_at_3": 0.84416,
        "recall_at_5": 0.88312,
        "recall_at_10": 0.94805,
        "recall_at_20": 0.98701,
        "recall_at_100": 1.0,
        "recall_at_1000": 1.0,
        "precision_at_1": 0.7013,
        "precision_at_3": 0.28139,
        "precision_at_5": 0.17662,
        "precision_at_10": 0.09481,
        "precision_at_20": 0.04935,
        "precision_at_100": 0.01,
        "precision_at_1000": 0.001,
        "mrr_at_1": 0.701299,
        "mrr_at_3": 0.770563,
        "mrr_at_5": 0.779654,
        "mrr_at_10": 0.790167,
        "mrr_at_20": 0.79334,
        "mrr_at_100": 0.793673,
        "mrr_at_1000": 0.793673,
        "nauc_ndcg_at_1_max": 0.140674,
        "nauc_ndcg_at_1_std": -0.180765,
        "nauc_ndcg_at_1_diff1": 0.602624,
        "nauc_ndcg_at_3_max": 0.15741,
        "nauc_ndcg_at_3_std": -0.289621,
        "nauc_ndcg_at_3_diff1": 0.60485,
        "nauc_ndcg_at_5_max": 0.241082,
        "nauc_ndcg_at_5_std": -0.277671,
        "nauc_ndcg_at_5_diff1": 0.640207,
        "nauc_ndcg_at_10_max": 0.190776,
        "nauc_ndcg_at_10_std": -0.220257,
        "nauc_ndcg_at_10_diff1": 0.640638,
        "nauc_ndcg_at_20_max": 0.182787,
        "nauc_ndcg_at_20_std": -0.222415,
        "nauc_ndcg_at_20_diff1": 0.628583,
        "nauc_ndcg_at_100_max": 0.176372,
        "nauc_ndcg_at_100_std": -0.228417,
        "nauc_ndcg_at_100_diff1": 0.622179,
        "nauc_ndcg_at_1000_max": 0.176372,
        "nauc_ndcg_at_1000_std": -0.228417,
        "nauc_ndcg_at_1000_diff1": 0.622179,
        "nauc_map_at_1_max": 0.140674,
        "nauc_map_at_1_std": -0.180765,
        "nauc_map_at_1_diff1": 0.602624,
        "nauc_map_at_3_max": 0.151841,
        "nauc_map_at_3_std": -0.258823,
        "nauc_map_at_3_diff1": 0.604387,
        "nauc_map_at_5_max": 0.196007,
        "nauc_map_at_5_std": -0.250084,
        "nauc_map_at_5_diff1": 0.621608,
        "nauc_map_at_10_max": 0.174573,
        "nauc_map_at_10_std": -0.226683,
        "nauc_map_at_10_diff1": 0.621085,
        "nauc_map_at_20_max": 0.171344,
        "nauc_map_at_20_std": -0.226641,
        "nauc_map_at_20_diff1": 0.618112,
        "nauc_map_at_100_max": 0.170649,
        "nauc_map_at_100_std": -0.227279,
        "nauc_map_at_100_diff1": 0.61742,
        "nauc_map_at_1000_max": 0.170649,
        "nauc_map_at_1000_std": -0.227279,
        "nauc_map_at_1000_diff1": 0.61742,
        "nauc_recall_at_1_max": 0.140674,
        "nauc_recall_at_1_std": -0.180765,
        "nauc_recall_at_1_diff1": 0.602624,
        "nauc_recall_at_3_max": 0.179841,
        "nauc_recall_at_3_std": -0.410861,
        "nauc_recall_at_3_diff1": 0.606573,
        "nauc_recall_at_5_max": 0.477629,
        "nauc_recall_at_5_std": -0.413195,
        "nauc_recall_at_5_diff1": 0.740907,
        "nauc_recall_at_10_max": 0.33808,
        "nauc_recall_at_10_std": -0.094569,
        "nauc_recall_at_10_diff1": 0.861301,
        "nauc_recall_at_20_max": 0.554847,
        "nauc_recall_at_20_std": 0.125638,
        "nauc_recall_at_20_diff1": 1.0,
        "nauc_recall_at_100_max": NaN,
        "nauc_recall_at_100_std": NaN,
        "nauc_recall_at_100_diff1": NaN,
        "nauc_recall_at_1000_max": NaN,
        "nauc_recall_at_1000_std": NaN,
        "nauc_recall_at_1000_diff1": NaN,
        "nauc_precision_at_1_max": 0.140674,
        "nauc_precision_at_1_std": -0.180765,
        "nauc_precision_at_1_diff1": 0.602624,
        "nauc_precision_at_3_max": 0.179841,
        "nauc_precision_at_3_std": -0.410861,
        "nauc_precision_at_3_diff1": 0.606573,
        "nauc_precision_at_5_max": 0.477629,
        "nauc_precision_at_5_std": -0.413195,
        "nauc_precision_at_5_diff1": 0.740907,
        "nauc_precision_at_10_max": 0.33808,
        "nauc_precision_at_10_std": -0.094569,
        "nauc_precision_at_10_diff1": 0.861301,
        "nauc_precision_at_20_max": 0.554847,
        "nauc_precision_at_20_std": 0.125638,
        "nauc_precision_at_20_diff1": 1.0,
        "nauc_precision_at_100_max": 1.0,
        "nauc_precision_at_100_std": 1.0,
        "nauc_precision_at_100_diff1": 1.0,
        "nauc_precision_at_1000_max": NaN,
        "nauc_precision_at_1000_std": NaN,
        "nauc_precision_at_1000_diff1": NaN,
        "nauc_mrr_at_1_max": 0.140674,
        "nauc_mrr_at_1_std": -0.180765,
        "nauc_mrr_at_1_diff1": 0.602624,
        "nauc_mrr_at_3_max": 0.151841,
        "nauc_mrr_at_3_std": -0.258823,
        "nauc_mrr_at_3_diff1": 0.604387,
        "nauc_mrr_at_5_max": 0.196007,
        "nauc_mrr_at_5_std": -0.250084,
        "nauc_mrr_at_5_diff1": 0.621608,
        "nauc_mrr_at_10_max": 0.174573,
        "nauc_mrr_at_10_std": -0.226683,
        "nauc_mrr_at_10_diff1": 0.621085,
        "nauc_mrr_at_20_max": 0.171344,
        "nauc_mrr_at_20_std": -0.226641,
        "nauc_mrr_at_20_diff1": 0.618112,
        "nauc_mrr_at_100_max": 0.170649,
        "nauc_mrr_at_100_std": -0.227279,
        "nauc_mrr_at_100_diff1": 0.61742,
        "nauc_mrr_at_1000_max": 0.170649,
        "nauc_mrr_at_1000_std": -0.227279,
        "nauc_mrr_at_1000_diff1": 0.61742,
        "main_score": 0.82877,
        "hf_subset": "korean",
        "languages": [
          "kor-Hang"
        ]
      }
    ]
  },
  "evaluation_time": 0.7963523864746094,
  "kg_co2_emissions": null
}