{
  "dataset_revision": "c99d599f0a6ab9b85b065da6f9d94f9cf731679f",
  "task_name": "XPQARetrieval",
  "mteb_version": "1.24.1",
  "scores": {
    "test": [
      {
        "ndcg_at_1": 0.27829,
        "ndcg_at_3": 0.30245,
        "ndcg_at_5": 0.32623,
        "ndcg_at_10": 0.35158,
        "ndcg_at_20": 0.37356,
        "ndcg_at_100": 0.41762,
        "ndcg_at_1000": 0.45223,
        "map_at_1": 0.19896,
        "map_at_3": 0.27664,
        "map_at_5": 0.29461,
        "map_at_10": 0.30791,
        "map_at_20": 0.31444,
        "map_at_100": 0.32157,
        "map_at_1000": 0.32282,
        "recall_at_1": 0.19896,
        "recall_at_3": 0.32049,
        "recall_at_5": 0.37941,
        "recall_at_10": 0.44727,
        "recall_at_20": 0.52561,
        "recall_at_100": 0.73644,
        "recall_at_1000": 1.0,
        "precision_at_1": 0.27829,
        "precision_at_3": 0.1682,
        "precision_at_5": 0.12141,
        "precision_at_10": 0.07263,
        "precision_at_20": 0.0422,
        "precision_at_100": 0.01193,
        "precision_at_1000": 0.00156,
        "mrr_at_1": 0.276758,
        "mrr_at_3": 0.317788,
        "mrr_at_5": 0.331397,
        "mrr_at_10": 0.339411,
        "mrr_at_20": 0.345569,
        "mrr_at_100": 0.350588,
        "mrr_at_1000": 0.351441,
        "nauc_ndcg_at_1_max": 0.281992,
        "nauc_ndcg_at_1_std": -0.229998,
        "nauc_ndcg_at_1_diff1": 0.552454,
        "nauc_ndcg_at_3_max": 0.272177,
        "nauc_ndcg_at_3_std": -0.230617,
        "nauc_ndcg_at_3_diff1": 0.494037,
        "nauc_ndcg_at_5_max": 0.263183,
        "nauc_ndcg_at_5_std": -0.23102,
        "nauc_ndcg_at_5_diff1": 0.481772,
        "nauc_ndcg_at_10_max": 0.252072,
        "nauc_ndcg_at_10_std": -0.242491,
        "nauc_ndcg_at_10_diff1": 0.463951,
        "nauc_ndcg_at_20_max": 0.26184,
        "nauc_ndcg_at_20_std": -0.229882,
        "nauc_ndcg_at_20_diff1": 0.45136,
        "nauc_ndcg_at_100_max": 0.283898,
        "nauc_ndcg_at_100_std": -0.2047,
        "nauc_ndcg_at_100_diff1": 0.455686,
        "nauc_ndcg_at_1000_max": 0.273719,
        "nauc_ndcg_at_1000_std": -0.217265,
        "nauc_ndcg_at_1000_diff1": 0.466908,
        "nauc_map_at_1_max": 0.235647,
        "nauc_map_at_1_std": -0.182676,
        "nauc_map_at_1_diff1": 0.592259,
        "nauc_map_at_3_max": 0.269729,
        "nauc_map_at_3_std": -0.220304,
        "nauc_map_at_3_diff1": 0.499783,
        "nauc_map_at_5_max": 0.266763,
        "nauc_map_at_5_std": -0.225947,
        "nauc_map_at_5_diff1": 0.492476,
        "nauc_map_at_10_max": 0.259556,
        "nauc_map_at_10_std": -0.233797,
        "nauc_map_at_10_diff1": 0.481858,
        "nauc_map_at_20_max": 0.262176,
        "nauc_map_at_20_std": -0.230865,
        "nauc_map_at_20_diff1": 0.478315,
        "nauc_map_at_100_max": 0.265131,
        "nauc_map_at_100_std": -0.226925,
        "nauc_map_at_100_diff1": 0.479374,
        "nauc_map_at_1000_max": 0.265014,
        "nauc_map_at_1000_std": -0.227169,
        "nauc_map_at_1000_diff1": 0.479773,
        "nauc_recall_at_1_max": 0.235647,
        "nauc_recall_at_1_std": -0.182676,
        "nauc_recall_at_1_diff1": 0.592259,
        "nauc_recall_at_3_max": 0.266976,
        "nauc_recall_at_3_std": -0.220747,
        "nauc_recall_at_3_diff1": 0.457459,
        "nauc_recall_at_5_max": 0.246732,
        "nauc_recall_at_5_std": -0.222181,
        "nauc_recall_at_5_diff1": 0.428308,
        "nauc_recall_at_10_max": 0.217962,
        "nauc_recall_at_10_std": -0.247786,
        "nauc_recall_at_10_diff1": 0.380546,
        "nauc_recall_at_20_max": 0.250306,
        "nauc_recall_at_20_std": -0.20025,
        "nauc_recall_at_20_diff1": 0.328196,
        "nauc_recall_at_100_max": 0.379302,
        "nauc_recall_at_100_std": -0.054024,
        "nauc_recall_at_100_diff1": 0.318,
        "nauc_recall_at_1000_max": NaN,
        "nauc_recall_at_1000_std": NaN,
        "nauc_recall_at_1000_diff1": NaN,
        "nauc_precision_at_1_max": 0.281992,
        "nauc_precision_at_1_std": -0.229998,
        "nauc_precision_at_1_diff1": 0.552454,
        "nauc_precision_at_3_max": 0.261476,
        "nauc_precision_at_3_std": -0.243936,
        "nauc_precision_at_3_diff1": 0.313628,
        "nauc_precision_at_5_max": 0.229791,
        "nauc_precision_at_5_std": -0.241473,
        "nauc_precision_at_5_diff1": 0.271892,
        "nauc_precision_at_10_max": 0.18412,
        "nauc_precision_at_10_std": -0.24608,
        "nauc_precision_at_10_diff1": 0.212704,
        "nauc_precision_at_20_max": 0.191308,
        "nauc_precision_at_20_std": -0.198489,
        "nauc_precision_at_20_diff1": 0.161595,
        "nauc_precision_at_100_max": 0.215493,
        "nauc_precision_at_100_std": -0.023586,
        "nauc_precision_at_100_diff1": 0.047689,
        "nauc_precision_at_1000_max": 0.09696,
        "nauc_precision_at_1000_std": 0.010178,
        "nauc_precision_at_1000_diff1": -0.08022,
        "nauc_mrr_at_1_max": 0.286721,
        "nauc_mrr_at_1_std": -0.225995,
        "nauc_mrr_at_1_diff1": 0.558486,
        "nauc_mrr_at_3_max": 0.281408,
        "nauc_mrr_at_3_std": -0.236033,
        "nauc_mrr_at_3_diff1": 0.52332,
        "nauc_mrr_at_5_max": 0.27263,
        "nauc_mrr_at_5_std": -0.235565,
        "nauc_mrr_at_5_diff1": 0.514762,
        "nauc_mrr_at_10_max": 0.270955,
        "nauc_mrr_at_10_std": -0.237017,
        "nauc_mrr_at_10_diff1": 0.509013,
        "nauc_mrr_at_20_max": 0.274132,
        "nauc_mrr_at_20_std": -0.233307,
        "nauc_mrr_at_20_diff1": 0.505645,
        "nauc_mrr_at_100_max": 0.276479,
        "nauc_mrr_at_100_std": -0.231521,
        "nauc_mrr_at_100_diff1": 0.507271,
        "nauc_mrr_at_1000_max": 0.276303,
        "nauc_mrr_at_1000_std": -0.231759,
        "nauc_mrr_at_1000_diff1": 0.507488,
        "main_score": 0.35158,
        "hf_subset": "kor-kor",
        "languages": [
          "kor-Hang",
          "kor-Hang"
        ]
      },
      {
        "ndcg_at_1": 0.263,
        "ndcg_at_3": 0.2504,
        "ndcg_at_5": 0.26106,
        "ndcg_at_10": 0.28992,
        "ndcg_at_20": 0.31511,
        "ndcg_at_100": 0.35715,
        "ndcg_at_1000": 0.39934,
        "map_at_1": 0.14111,
        "map_at_3": 0.20429,
        "map_at_5": 0.2239,
        "map_at_10": 0.23898,
        "map_at_20": 0.24777,
        "map_at_100": 0.25475,
        "map_at_1000": 0.25677,
        "recall_at_1": 0.14111,
        "recall_at_3": 0.2368,
        "recall_at_5": 0.28382,
        "recall_at_10": 0.35614,
        "recall_at_20": 0.43489,
        "recall_at_100": 0.62638,
        "recall_at_1000": 0.92877,
        "precision_at_1": 0.263,
        "precision_at_3": 0.16616,
        "precision_at_5": 0.12385,
        "precision_at_10": 0.07706,
        "precision_at_20": 0.04748,
        "precision_at_100": 0.01349,
        "precision_at_1000": 0.00187,
        "mrr_at_1": 0.262997,
        "mrr_at_3": 0.300714,
        "mrr_at_5": 0.310041,
        "mrr_at_10": 0.320967,
        "mrr_at_20": 0.326577,
        "mrr_at_100": 0.330767,
        "mrr_at_1000": 0.331511,
        "nauc_ndcg_at_1_max": 0.337008,
        "nauc_ndcg_at_1_std": -0.029284,
        "nauc_ndcg_at_1_diff1": 0.382864,
        "nauc_ndcg_at_3_max": 0.29528,
        "nauc_ndcg_at_3_std": -0.065511,
        "nauc_ndcg_at_3_diff1": 0.358314,
        "nauc_ndcg_at_5_max": 0.266787,
        "nauc_ndcg_at_5_std": -0.073842,
        "nauc_ndcg_at_5_diff1": 0.336483,
        "nauc_ndcg_at_10_max": 0.245625,
        "nauc_ndcg_at_10_std": -0.079398,
        "nauc_ndcg_at_10_diff1": 0.324269,
        "nauc_ndcg_at_20_max": 0.248609,
        "nauc_ndcg_at_20_std": -0.073131,
        "nauc_ndcg_at_20_diff1": 0.321704,
        "nauc_ndcg_at_100_max": 0.244787,
        "nauc_ndcg_at_100_std": -0.053647,
        "nauc_ndcg_at_100_diff1": 0.310611,
        "nauc_ndcg_at_1000_max": 0.257491,
        "nauc_ndcg_at_1000_std": -0.045972,
        "nauc_ndcg_at_1000_diff1": 0.315036,
        "nauc_map_at_1_max": 0.292737,