{
  "dataset_revision": "fd7df84ac089bbec763b1c6bb1b56e985df5cc5c",
  "task_name": "AutoRAGRetrieval",
  "mteb_version": "1.24.1",
  "scores": {
    "test": [
      {
        "ndcg_at_1": 0.36842,
        "ndcg_at_3": 0.53728,
        "ndcg_at_5": 0.56257,
        "ndcg_at_10": 0.59944,
        "ndcg_at_20": 0.61715,
        "ndcg_at_100": 0.63059,
        "ndcg_at_1000": 0.63436,
        "map_at_1": 0.36842,
        "map_at_3": 0.49561,
        "map_at_5": 0.50965,
        "map_at_10": 0.52487,
        "map_at_20": 0.52972,
        "map_at_100": 0.53181,
        "map_at_1000": 0.53203,
        "recall_at_1": 0.36842,
        "recall_at_3": 0.65789,
        "recall_at_5": 0.7193,
        "recall_at_10": 0.83333,
        "recall_at_20": 0.90351,
        "recall_at_100": 0.97368,
        "recall_at_1000": 1.0,
        "precision_at_1": 0.36842,
        "precision_at_3": 0.2193,
        "precision_at_5": 0.14386,
        "precision_at_10": 0.08333,
        "precision_at_20": 0.04518,
        "precision_at_100": 0.00974,
        "precision_at_1000": 0.001,
        "mrr_at_1": 0.368421,
        "mrr_at_3": 0.495614,
        "mrr_at_5": 0.509649,
        "mrr_at_10": 0.524875,
        "mrr_at_20": 0.52972,
        "mrr_at_100": 0.531813,
        "mrr_at_1000": 0.532026,
        "nauc_ndcg_at_1_max": 0.191977,
        "nauc_ndcg_at_1_std": -0.27024,
        "nauc_ndcg_at_1_diff1": 0.597537,
        "nauc_ndcg_at_3_max": 0.238499,
        "nauc_ndcg_at_3_std": -0.247577,
        "nauc_ndcg_at_3_diff1": 0.507097,
        "nauc_ndcg_at_5_max": 0.276424,
        "nauc_ndcg_at_5_std": -0.236897,
        "nauc_ndcg_at_5_diff1": 0.50872,
        "nauc_ndcg_at_10_max": 0.263974,
        "nauc_ndcg_at_10_std": -0.262423,
        "nauc_ndcg_at_10_diff1": 0.479446,
        "nauc_ndcg_at_20_max": 0.255073,
        "nauc_ndcg_at_20_std": -0.277504,
        "nauc_ndcg_at_20_diff1": 0.468765,
        "nauc_ndcg_at_100_max": 0.250965,
        "nauc_ndcg_at_100_std": -0.281307,
        "nauc_ndcg_at_100_diff1": 0.492884,
        "nauc_ndcg_at_1000_max": 0.242199,
        "nauc_ndcg_at_1000_std": -0.27167,
        "nauc_ndcg_at_1000_diff1": 0.501802,
        "nauc_map_at_1_max": 0.191977,
        "nauc_map_at_1_std": -0.27024,
        "nauc_map_at_1_diff1": 0.597537,
        "nauc_map_at_3_max": 0.219622,
        "nauc_map_at_3_std": -0.255047,
        "nauc_map_at_3_diff1": 0.527476,
        "nauc_map_at_5_max": 0.239611,
        "nauc_map_at_5_std": -0.250334,
        "nauc_map_at_5_diff1": 0.528908,
        "nauc_map_at_10_max": 0.231675,
        "nauc_map_at_10_std": -0.263024,
        "nauc_map_at_10_diff1": 0.517781,
        "nauc_map_at_20_max": 0.229209,
        "nauc_map_at_20_std": -0.267228,
        "nauc_map_at_20_diff1": 0.515721,
        "nauc_map_at_100_max": 0.22917,
        "nauc_map_at_100_std": -0.268071,
        "nauc_map_at_100_diff1": 0.518642,
        "nauc_map_at_1000_max": 0.228774,
        "nauc_map_at_1000_std": -0.267481,
        "nauc_map_at_1000_diff1": 0.519144,
        "nauc_recall_at_1_max": 0.191977,
        "nauc_recall_at_1_std": -0.27024,
        "nauc_recall_at_1_diff1": 0.597537,
        "nauc_recall_at_3_max": 0.304957,
        "nauc_recall_at_3_std": -0.221813,
        "nauc_recall_at_3_diff1": 0.440414,
        "nauc_recall_at_5_max": 0.424549,
        "nauc_recall_at_5_std": -0.182433,
        "nauc_recall_at_5_diff1": 0.43492,
        "nauc_recall_at_10_max": 0.46142,
        "nauc_recall_at_10_std": -0.259118,
        "nauc_recall_at_10_diff1": 0.249084,
        "nauc_recall_at_20_max": 0.491403,
        "nauc_recall_at_20_std": -0.400409,
        "nauc_recall_at_20_diff1": -0.006562,
        "nauc_recall_at_100_max": 0.814938,
        "nauc_recall_at_100_std": -0.837691,
        "nauc_recall_at_100_diff1": -0.042527,
        "nauc_recall_at_1000_max": NaN,
        "nauc_recall_at_1000_std": NaN,
        "nauc_recall_at_1000_diff1": NaN,
        "nauc_precision_at_1_max": 0.191977,
        "nauc_precision_at_1_std": -0.27024,
        "nauc_precision_at_1_diff1": 0.597537,
        "nauc_precision_at_3_max": 0.304957,
        "nauc_precision_at_3_std": -0.221813,
        "nauc_precision_at_3_diff1": 0.440414,
        "nauc_precision_at_5_max": 0.424549,
        "nauc_precision_at_5_std": -0.182433,
        "nauc_precision_at_5_diff1": 0.43492,
        "nauc_precision_at_10_max": 0.46142,
        "nauc_precision_at_10_std": -0.259118,
        "nauc_precision_at_10_diff1": 0.249084,
        "nauc_precision_at_20_max": 0.491403,
        "nauc_precision_at_20_std": -0.400409,
        "nauc_precision_at_20_diff1": -0.006562,
        "nauc_precision_at_100_max": 0.814938,
        "nauc_precision_at_100_std": -0.837691,
        "nauc_precision_at_100_diff1": -0.042527,
        "nauc_precision_at_1000_max": 1.0,
        "nauc_precision_at_1000_std": 1.0,
        "nauc_precision_at_1000_diff1": 1.0,
        "nauc_mrr_at_1_max": 0.191977,
        "nauc_mrr_at_1_std": -0.27024,
        "nauc_mrr_at_1_diff1": 0.597537,
        "nauc_mrr_at_3_max": 0.219622,
        "nauc_mrr_at_3_std": -0.255047,
        "nauc_mrr_at_3_diff1": 0.527476,
        "nauc_mrr_at_5_max": 0.239611,
        "nauc_mrr_at_5_std": -0.250334,
        "nauc_mrr_at_5_diff1": 0.528908,
        "nauc_mrr_at_10_max": 0.231675,
        "nauc_mrr_at_10_std": -0.263024,
        "nauc_mrr_at_10_diff1": 0.517781,
        "nauc_mrr_at_20_max": 0.229209,
        "nauc_mrr_at_20_std": -0.267228,
        "nauc_mrr_at_20_diff1": 0.515721,
        "nauc_mrr_at_100_max": 0.22917,
        "nauc_mrr_at_100_std": -0.268071,
        "nauc_mrr_at_100_diff1": 0.518642,
        "nauc_mrr_at_1000_max": 0.228774,
        "nauc_mrr_at_1000_std": -0.267481,
        "nauc_mrr_at_1000_diff1": 0.519144,
        "main_score": 0.59944,
        "hf_subset": "default",
        "languages": [
          "kor-Hang"
        ]
      }
    ]
  },
  "evaluation_time": 6.031513214111328,
  "kg_co2_emissions": null
}