{
  "dataset_revision": "75b399394a9803252cfec289d103de462763db7c",
  "task_name": "BelebeleRetrieval",
  "mteb_version": "1.24.1",
  "scores": {
    "test": [
      {
        "ndcg_at_1": 0.67,
        "ndcg_at_3": 0.7412,
        "ndcg_at_5": 0.76176,
        "ndcg_at_10": 0.77583,
        "ndcg_at_20": 0.78546,
        "ndcg_at_100": 0.79495,
        "ndcg_at_1000": 0.79858,
        "map_at_1": 0.67,
        "map_at_3": 0.72426,
        "map_at_5": 0.73565,
        "map_at_10": 0.74148,
        "map_at_20": 0.74417,
        "map_at_100": 0.74549,
        "map_at_1000": 0.74563,
        "recall_at_1": 0.67,
        "recall_at_3": 0.79,
        "recall_at_5": 0.84,
        "recall_at_10": 0.88333,
        "recall_at_20": 0.92111,
        "recall_at_100": 0.97222,
        "recall_at_1000": 1.0,
        "precision_at_1": 0.67,
        "precision_at_3": 0.26333,
        "precision_at_5": 0.168,
        "precision_at_10": 0.08833,
        "precision_at_20": 0.04606,
        "precision_at_100": 0.00972,
        "precision_at_1000": 0.001,
        "mrr_at_1": 0.67,
        "mrr_at_3": 0.724259,
        "mrr_at_5": 0.735648,
        "mrr_at_10": 0.741482,
        "mrr_at_20": 0.744167,
        "mrr_at_100": 0.745489,
        "mrr_at_1000": 0.745634,
        "nauc_ndcg_at_1_max": 0.552663,
        "nauc_ndcg_at_1_std": -0.125363,
        "nauc_ndcg_at_1_diff1": 0.751709,
        "nauc_ndcg_at_3_max": 0.556256,
        "nauc_ndcg_at_3_std": -0.114793,
        "nauc_ndcg_at_3_diff1": 0.719669,
        "nauc_ndcg_at_5_max": 0.551301,
        "nauc_ndcg_at_5_std": -0.10184,
        "nauc_ndcg_at_5_diff1": 0.717151,
        "nauc_ndcg_at_10_max": 0.55792,
        "nauc_ndcg_at_10_std": -0.101215,
        "nauc_ndcg_at_10_diff1": 0.712907,
        "nauc_ndcg_at_20_max": 0.559607,
        "nauc_ndcg_at_20_std": -0.087933,
        "nauc_ndcg_at_20_diff1": 0.715394,
        "nauc_ndcg_at_100_max": 0.557377,
        "nauc_ndcg_at_100_std": -0.090043,
        "nauc_ndcg_at_100_diff1": 0.725707,
        "nauc_ndcg_at_1000_max": 0.556646,
        "nauc_ndcg_at_1000_std": -0.101554,
        "nauc_ndcg_at_1000_diff1": 0.724025,
        "nauc_map_at_1_max": 0.552663,
        "nauc_map_at_1_std": -0.125363,
        "nauc_map_at_1_diff1": 0.751709,
        "nauc_map_at_3_max": 0.555605,
        "nauc_map_at_3_std": -0.119446,
        "nauc_map_at_3_diff1": 0.727614,
        "nauc_map_at_5_max": 0.553017,
        "nauc_map_at_5_std": -0.112446,
        "nauc_map_at_5_diff1": 0.726612,
        "nauc_map_at_10_max": 0.555839,
        "nauc_map_at_10_std": -0.112332,
        "nauc_map_at_10_diff1": 0.725147,
        "nauc_map_at_20_max": 0.556256,
        "nauc_map_at_20_std": -0.109333,
        "nauc_map_at_20_diff1": 0.725961,
        "nauc_map_at_100_max": 0.555831,
        "nauc_map_at_100_std": -0.109861,
        "nauc_map_at_100_diff1": 0.727419,
        "nauc_map_at_1000_max": 0.555796,
        "nauc_map_at_1000_std": -0.110287,
        "nauc_map_at_1000_diff1": 0.727369,
        "nauc_recall_at_1_max": 0.552663,
        "nauc_recall_at_1_std": -0.125363,
        "nauc_recall_at_1_diff1": 0.751709,
        "nauc_recall_at_3_max": 0.558396,
        "nauc_recall_at_3_std": -0.097384,
        "nauc_recall_at_3_diff1": 0.691923,
        "nauc_recall_at_5_max": 0.542621,
        "nauc_recall_at_5_std": -0.052924,
        "nauc_recall_at_5_diff1": 0.676144,
        "nauc_recall_at_10_max": 0.571202,
        "nauc_recall_at_10_std": -0.034779,
        "nauc_recall_at_10_diff1": 0.64138,
        "nauc_recall_at_20_max": 0.592325,
        "nauc_recall_at_20_std": 0.120218,
        "nauc_recall_at_20_diff1": 0.63066,
        "nauc_recall_at_100_max": 0.588609,
        "nauc_recall_at_100_std": 0.451261,
        "nauc_recall_at_100_diff1": 0.80859,
        "nauc_recall_at_1000_max": NaN,
        "nauc_recall_at_1000_std": NaN,
        "nauc_recall_at_1000_diff1": NaN,
        "nauc_precision_at_1_max": 0.552663,
        "nauc_precision_at_1_std": -0.125363,
        "nauc_precision_at_1_diff1": 0.751709,
        "nauc_precision_at_3_max": 0.558396,
        "nauc_precision_at_3_std": -0.097384,
        "nauc_precision_at_3_diff1": 0.691923,
        "nauc_precision_at_5_max": 0.542621,
        "nauc_precision_at_5_std": -0.052924,
        "nauc_precision_at_5_diff1": 0.676144,
        "nauc_precision_at_10_max": 0.571202,
        "nauc_precision_at_10_std": -0.034779,
        "nauc_precision_at_10_diff1": 0.64138,
        "nauc_precision_at_20_max": 0.592325,
        "nauc_precision_at_20_std": 0.120218,
        "nauc_precision_at_20_diff1": 0.63066,
        "nauc_precision_at_100_max": 0.588609,
        "nauc_precision_at_100_std": 0.451261,
        "nauc_precision_at_100_diff1": 0.80859,
        "nauc_precision_at_1000_max": NaN,
        "nauc_precision_at_1000_std": NaN,
        "nauc_precision_at_1000_diff1": NaN,
        "nauc_mrr_at_1_max": 0.552663,
        "nauc_mrr_at_1_std": -0.125363,
        "nauc_mrr_at_1_diff1": 0.751709,
        "nauc_mrr_at_3_max": 0.555605,
        "nauc_mrr_at_3_std": -0.119446,
        "nauc_mrr_at_3_diff1": 0.727614,
        "nauc_mrr_at_5_max": 0.553017,
        "nauc_mrr_at_5_std": -0.112446,
        "nauc_mrr_at_5_diff1": 0.726612,
        "nauc_mrr_at_10_max": 0.555839,
        "nauc_mrr_at_10_std": -0.112332,
        "nauc_mrr_at_10_diff1": 0.725147,
        "nauc_mrr_at_20_max": 0.556256,
        "nauc_mrr_at_20_std": -0.109333,
        "nauc_mrr_at_20_diff1": 0.725961,
        "nauc_mrr_at_100_max": 0.555831,
        "nauc_mrr_at_100_std": -0.109861,
        "nauc_mrr_at_100_diff1": 0.727419,
        "nauc_mrr_at_1000_max": 0.555796,
        "nauc_mrr_at_1000_std": -0.110287,
        "nauc_mrr_at_1000_diff1": 0.727369,
        "main_score": 0.77583,
        "hf_subset": "kor_Hang-kor_Hang",
        "languages": [
          "kor-Hang",
          "kor-Hang"
        ]
      },
      {
        "ndcg_at_1": 0.58222,
        "ndcg_at_3": 0.68165,
        "ndcg_at_5": 0.69982,
        "ndcg_at_10": 0.71824,
        "ndcg_at_20": 0.7343,
        "ndcg_at_100": 0.74486,
        "ndcg_at_1000": 0.74885,
        "map_at_1": 0.58222,
        "map_at_3": 0.65759,
        "map_at_5": 0.66759,
        "map_at_10": 0.67525,
        "map_at_20": 0.67968,
        "map_at_100": 0.68129,
        "map_at_1000": 0.68146,
        "recall_at_1": 0.58222,
        "recall_at_3": 0.75111,
        "recall_at_5": 0.79556,
        "recall_at_10": 0.85222,
        "recall_at_20": 0.91556,
        "recall_at_100": 0.97,
        "recall_at_1000": 1.0,
        "precision_at_1": 0.58222,
        "precision_at_3": 0.25037,
        "precision_at_5": 0.15911,
        "precision_at_10": 0.08522,
        "precision_at_20": 0.04578,
        "precision_at_100": 0.0097,
        "precision_at_1000": 0.001,
        "mrr_at_1": 0.582222,
        "mrr_at_3": 0.657593,
        "mrr_at_5": 0.667593,
        "mrr_at_10": 0.675247,
        "mrr_at_20": 0.679679,
        "mrr_at_100": 0.681292,
        "mrr_at_1000": 0.681464,
        "nauc_ndcg_at_1_max": 0.404269,
        "nauc_ndcg_at_1_std": -0.162006,
        "nauc_ndcg_at_1_diff1": 0.702267,
        "nauc_ndcg_at_3_max": 0.41902,
        "nauc_ndcg_at_3_std": -0.16137,
        "nauc_ndcg_at_3_diff1": 0.650528,
        "nauc_ndcg_at_5_max": 0.412762,
        "nauc_ndcg_at_5_std": -0.151241,
        "nauc_ndcg_at_5_diff1": 0.649335,
        "nauc_ndcg_at_10_max": 0.409618,
        "nauc_ndcg_at_10_std": -0.142101,
        "nauc_ndcg_at_10_diff1": 0.656275,
        "nauc_ndcg_at_20_max": 0.405979,
        "nauc_ndcg_at_20_std": -0.140534,
        "nauc_ndcg_at_20_diff1": 0.658667,
        "nauc_ndcg_at_100_max": 0.411101,
        "nauc_ndcg_at_100_std": -0.153174,
        "nauc_ndcg_at_100_diff1": 0.664841,
        "nauc_ndcg_at_1000_max": 0.411507,
        "nauc_ndcg_at_1000_std": -0.150615,
        "nauc_ndcg_at_1000_diff1": 0.664023,
        "nauc_map_at_1_max": 0.404269,
        "nauc_map_at_1_std": -0.162006,