{
  "dataset_revision": "d243889a3eb6654029dbd7e7f9319ae31d58f97c",
  "task_name": "Ko-StrategyQA",
  "mteb_version": "1.24.1",
  "scores": {
    "dev": [
      {
        "ndcg_at_1": 0.38007,
        "ndcg_at_3": 0.40454,
        "ndcg_at_5": 0.43845,
        "ndcg_at_10": 0.47683,
        "ndcg_at_20": 0.50093,
        "ndcg_at_100": 0.52683,
        "ndcg_at_1000": 0.54564,
        "map_at_1": 0.23041,
        "map_at_3": 0.35342,
        "map_at_5": 0.37805,
        "map_at_10": 0.40043,
        "map_at_20": 0.40905,
        "map_at_100": 0.41406,
        "map_at_1000": 0.41486,
        "recall_at_1": 0.23041,
        "recall_at_3": 0.43285,
        "recall_at_5": 0.50622,
        "recall_at_10": 0.60307,
        "recall_at_20": 0.68269,
        "recall_at_100": 0.79768,
        "recall_at_1000": 0.92286,
        "precision_at_1": 0.38007,
        "precision_at_3": 0.25676,
        "precision_at_5": 0.18209,
        "precision_at_10": 0.11098,
        "precision_at_20": 0.06309,
        "precision_at_100": 0.01495,
        "precision_at_1000": 0.00176,
        "mrr_at_1": 0.380068,
        "mrr_at_3": 0.466498,
        "mrr_at_5": 0.481447,
        "mrr_at_10": 0.489656,
        "mrr_at_20": 0.494541,
        "mrr_at_100": 0.49663,
        "mrr_at_1000": 0.497021,
        "nauc_ndcg_at_1_max": 0.297447,
        "nauc_ndcg_at_1_std": -0.034847,
        "nauc_ndcg_at_1_diff1": 0.451168,
        "nauc_ndcg_at_3_max": 0.304459,
        "nauc_ndcg_at_3_std": -0.011304,
        "nauc_ndcg_at_3_diff1": 0.384447,
        "nauc_ndcg_at_5_max": 0.310165,
        "nauc_ndcg_at_5_std": -0.007857,
        "nauc_ndcg_at_5_diff1": 0.370032,
        "nauc_ndcg_at_10_max": 0.332236,
        "nauc_ndcg_at_10_std": -0.006693,
        "nauc_ndcg_at_10_diff1": 0.38214,
        "nauc_ndcg_at_20_max": 0.339774,
        "nauc_ndcg_at_20_std": 0.003245,
        "nauc_ndcg_at_20_diff1": 0.381755,
        "nauc_ndcg_at_100_max": 0.345996,
        "nauc_ndcg_at_100_std": 0.002175,
        "nauc_ndcg_at_100_diff1": 0.391555,
        "nauc_ndcg_at_1000_max": 0.343813,
        "nauc_ndcg_at_1000_std": -0.001125,
        "nauc_ndcg_at_1000_diff1": 0.395642,
        "nauc_map_at_1_max": 0.225356,
        "nauc_map_at_1_std": 0.011009,
        "nauc_map_at_1_diff1": 0.438831,
        "nauc_map_at_3_max": 0.27548,
        "nauc_map_at_3_std": -0.000808,
        "nauc_map_at_3_diff1": 0.393891,
        "nauc_map_at_5_max": 0.281466,
        "nauc_map_at_5_std": -0.000664,
        "nauc_map_at_5_diff1": 0.379693,
        "nauc_map_at_10_max": 0.298315,
        "nauc_map_at_10_std": 0.000218,
        "nauc_map_at_10_diff1": 0.386332,
        "nauc_map_at_20_max": 0.301182,
        "nauc_map_at_20_std": 0.002475,
        "nauc_map_at_20_diff1": 0.387996,
        "nauc_map_at_100_max": 0.302986,
        "nauc_map_at_100_std": 0.002377,
        "nauc_map_at_100_diff1": 0.389456,
        "nauc_map_at_1000_max": 0.30282,
        "nauc_map_at_1000_std": 0.002366,
        "nauc_map_at_1000_diff1": 0.389714,
        "nauc_recall_at_1_max": 0.225356,
        "nauc_recall_at_1_std": 0.011009,
        "nauc_recall_at_1_diff1": 0.438831,
        "nauc_recall_at_3_max": 0.290802,
        "nauc_recall_at_3_std": -0.005159,
        "nauc_recall_at_3_diff1": 0.325084,
        "nauc_recall_at_5_max": 0.296852,
        "nauc_recall_at_5_std": -0.005394,
        "nauc_recall_at_5_diff1": 0.282378,
        "nauc_recall_at_10_max": 0.349148,
        "nauc_recall_at_10_std": -0.004357,
        "nauc_recall_at_10_diff1": 0.302307,
        "nauc_recall_at_20_max": 0.379359,
        "nauc_recall_at_20_std": 0.039989,
        "nauc_recall_at_20_diff1": 0.287307,
        "nauc_recall_at_100_max": 0.453876,
        "nauc_recall_at_100_std": 0.038639,
        "nauc_recall_at_100_diff1": 0.332497,
        "nauc_recall_at_1000_max": 0.570366,
        "nauc_recall_at_1000_std": 0.002862,
        "nauc_recall_at_1000_diff1": 0.380836,
        "nauc_precision_at_1_max": 0.297447,
        "nauc_precision_at_1_std": -0.034847,
        "nauc_precision_at_1_diff1": 0.451168,
        "nauc_precision_at_3_max": 0.314581,
        "nauc_precision_at_3_std": -0.032859,
        "nauc_precision_at_3_diff1": 0.250866,
        "nauc_precision_at_5_max": 0.314648,
        "nauc_precision_at_5_std": -0.027492,
        "nauc_precision_at_5_diff1": 0.190335,
        "nauc_precision_at_10_max": 0.317109,
        "nauc_precision_at_10_std": -0.02173,
        "nauc_precision_at_10_diff1": 0.180517,
        "nauc_precision_at_20_max": 0.299294,
        "nauc_precision_at_20_std": -0.005316,
        "nauc_precision_at_20_diff1": 0.143755,
        "nauc_precision_at_100_max": 0.265046,
        "nauc_precision_at_100_std": -0.005267,
        "nauc_precision_at_100_diff1": 0.122035,
        "nauc_precision_at_1000_max": 0.177837,
        "nauc_precision_at_1000_std": -0.023041,
        "nauc_precision_at_1000_diff1": 0.04996,
        "nauc_mrr_at_1_max": 0.297447,
        "nauc_mrr_at_1_std": -0.034847,
        "nauc_mrr_at_1_diff1": 0.451168,
        "nauc_mrr_at_3_max": 0.339057,
        "nauc_mrr_at_3_std": -0.030971,
        "nauc_mrr_at_3_diff1": 0.418962,
        "nauc_mrr_at_5_max": 0.346439,
        "nauc_mrr_at_5_std": -0.032449,
        "nauc_mrr_at_5_diff1": 0.414998,
        "nauc_mrr_at_10_max": 0.345817,
        "nauc_mrr_at_10_std": -0.033135,
        "nauc_mrr_at_10_diff1": 0.418884,
        "nauc_mrr_at_20_max": 0.34603,
        "nauc_mrr_at_20_std": -0.029395,
        "nauc_mrr_at_20_diff1": 0.417495,
        "nauc_mrr_at_100_max": 0.345784,
        "nauc_mrr_at_100_std": -0.029446,
        "nauc_mrr_at_100_diff1": 0.418647,
        "nauc_mrr_at_1000_max": 0.345731,
        "nauc_mrr_at_1000_std": -0.029504,
        "nauc_mrr_at_1000_diff1": 0.418565,
        "main_score": 0.47683,
        "hf_subset": "default",
        "languages": [
          "kor-Hang"
        ]
      }
    ]
  },
  "evaluation_time": 31.77062153816223,
  "kg_co2_emissions": null
}