{
  "dataset_revision": "main",
  "task_name": "MIRACLRetrieval",
  "mteb_version": "1.24.1",
  "scores": {
    "dev": [
      {
        "ndcg_at_1": 0.12676,
        "ndcg_at_3": 0.15204,
        "ndcg_at_5": 0.16289,
        "ndcg_at_10": 0.19309,
        "ndcg_at_20": 0.21426,
        "ndcg_at_100": 0.2545,
        "ndcg_at_1000": 0.29496,
        "map_at_1": 0.08073,
        "map_at_3": 0.12171,
        "map_at_5": 0.12955,
        "map_at_10": 0.14195,
        "map_at_20": 0.1488,
        "map_at_100": 0.15589,
        "map_at_1000": 0.15793,
        "recall_at_1": 0.08073,
        "recall_at_3": 0.16766,
        "recall_at_5": 0.19802,
        "recall_at_10": 0.27692,
        "recall_at_20": 0.34139,
        "recall_at_100": 0.50218,
        "recall_at_1000": 0.75263,
        "precision_at_1": 0.12676,
        "precision_at_3": 0.09077,
        "precision_at_5": 0.06948,
        "precision_at_10": 0.05352,
        "precision_at_20": 0.03521,
        "precision_at_100": 0.0123,
        "precision_at_1000": 0.00193,
        "mrr_at_1": 0.126761,
        "mrr_at_3": 0.176839,
        "mrr_at_5": 0.189984,
        "mrr_at_10": 0.208026,
        "mrr_at_20": 0.213382,
        "mrr_at_100": 0.216881,
        "mrr_at_1000": 0.217784,
        "nauc_ndcg_at_1_max": 0.25733,
        "nauc_ndcg_at_1_std": 0.057747,
        "nauc_ndcg_at_1_diff1": 0.242833,
        "nauc_ndcg_at_3_max": 0.281097,
        "nauc_ndcg_at_3_std": 0.025867,
        "nauc_ndcg_at_3_diff1": 0.147318,
        "nauc_ndcg_at_5_max": 0.29942,
        "nauc_ndcg_at_5_std": 0.020123,
        "nauc_ndcg_at_5_diff1": 0.128291,
        "nauc_ndcg_at_10_max": 0.270864,
        "nauc_ndcg_at_10_std": 0.047433,
        "nauc_ndcg_at_10_diff1": 0.082899,
        "nauc_ndcg_at_20_max": 0.254751,
        "nauc_ndcg_at_20_std": 0.06112,
        "nauc_ndcg_at_20_diff1": 0.09297,
        "nauc_ndcg_at_100_max": 0.236612,
        "nauc_ndcg_at_100_std": 0.087307,
        "nauc_ndcg_at_100_diff1": 0.105064,
        "nauc_ndcg_at_1000_max": 0.243998,
        "nauc_ndcg_at_1000_std": 0.140675,
        "nauc_ndcg_at_1000_diff1": 0.12292,
        "nauc_map_at_1_max": 0.28537,
        "nauc_map_at_1_std": 0.025211,
        "nauc_map_at_1_diff1": 0.329481,
        "nauc_map_at_3_max": 0.300766,
        "nauc_map_at_3_std": 0.019577,
        "nauc_map_at_3_diff1": 0.179041,
        "nauc_map_at_5_max": 0.302349,
        "nauc_map_at_5_std": 0.01986,
        "nauc_map_at_5_diff1": 0.160337,
        "nauc_map_at_10_max": 0.296554,
        "nauc_map_at_10_std": 0.028859,
        "nauc_map_at_10_diff1": 0.139117,
        "nauc_map_at_20_max": 0.291667,
        "nauc_map_at_20_std": 0.035436,
        "nauc_map_at_20_diff1": 0.142174,
        "nauc_map_at_100_max": 0.287125,
        "nauc_map_at_100_std": 0.044173,
        "nauc_map_at_100_diff1": 0.145653,
        "nauc_map_at_1000_max": 0.287055,
        "nauc_map_at_1000_std": 0.048236,
        "nauc_map_at_1000_diff1": 0.14698,
        "nauc_recall_at_1_max": 0.28537,
        "nauc_recall_at_1_std": 0.025211,
        "nauc_recall_at_1_diff1": 0.329481,
        "nauc_recall_at_3_max": 0.268627,
        "nauc_recall_at_3_std": -0.009371,
        "nauc_recall_at_3_diff1": 0.074867,
        "nauc_recall_at_5_max": 0.29428,
        "nauc_recall_at_5_std": -0.014534,
        "nauc_recall_at_5_diff1": 0.043501,
        "nauc_recall_at_10_max": 0.223468,
        "nauc_recall_at_10_std": 0.021106,
        "nauc_recall_at_10_diff1": -0.0441,
        "nauc_recall_at_20_max": 0.187284,
        "nauc_recall_at_20_std": 0.046183,
        "nauc_recall_at_20_diff1": -0.01466,
        "nauc_recall_at_100_max": 0.158251,
        "nauc_recall_at_100_std": 0.064276,
        "nauc_recall_at_100_diff1": 0.007454,
        "nauc_recall_at_1000_max": 0.245002,
        "nauc_recall_at_1000_std": 0.263348,
        "nauc_recall_at_1000_diff1": 0.060122,
        "nauc_precision_at_1_max": 0.25733,
        "nauc_precision_at_1_std": 0.057747,
        "nauc_precision_at_1_diff1": 0.242833,
        "nauc_precision_at_3_max": 0.265282,
        "nauc_precision_at_3_std": 0.060871,
        "nauc_precision_at_3_diff1": 0.091696,
        "nauc_precision_at_5_max": 0.291824,
        "nauc_precision_at_5_std": 0.062622,
        "nauc_precision_at_5_diff1": 0.066828,
        "nauc_precision_at_10_max": 0.149534,
        "nauc_precision_at_10_std": 0.223356,
        "nauc_precision_at_10_diff1": -0.009118,
        "nauc_precision_at_20_max": 0.081001,
        "nauc_precision_at_20_std": 0.238599,
        "nauc_precision_at_20_diff1": 0.009347,
        "nauc_precision_at_100_max": -0.055085,
        "nauc_precision_at_100_std": 0.329031,
        "nauc_precision_at_100_diff1": 0.063998,
        "nauc_precision_at_1000_max": -0.139025,
        "nauc_precision_at_1000_std": 0.493645,
        "nauc_precision_at_1000_diff1": 0.093331,
        "nauc_mrr_at_1_max": 0.25733,
        "nauc_mrr_at_1_std": 0.057747,
        "nauc_mrr_at_1_diff1": 0.242833,
        "nauc_mrr_at_3_max": 0.250997,
        "nauc_mrr_at_3_std": 0.047884,
        "nauc_mrr_at_3_diff1": 0.157181,
        "nauc_mrr_at_5_max": 0.26851,
        "nauc_mrr_at_5_std": 0.048143,
        "nauc_mrr_at_5_diff1": 0.155365,
        "nauc_mrr_at_10_max": 0.245846,
        "nauc_mrr_at_10_std": 0.073953,
        "nauc_mrr_at_10_diff1": 0.134244,
        "nauc_mrr_at_20_max": 0.23754,
        "nauc_mrr_at_20_std": 0.07882,
        "nauc_mrr_at_20_diff1": 0.137378,
        "nauc_mrr_at_100_max": 0.23616,
        "nauc_mrr_at_100_std": 0.079354,
        "nauc_mrr_at_100_diff1": 0.13784,
        "nauc_mrr_at_1000_max": 0.237084,
        "nauc_mrr_at_1000_std": 0.079226,
        "nauc_mrr_at_1000_diff1": 0.138487,
        "main_score": 0.19309,
        "hf_subset": "ko",
        "languages": [
          "kor-Kore"
        ]
      }
    ]
  },
  "evaluation_time": 3057.5450417995453,
  "kg_co2_emissions": null
}