{
  "dataset_revision": "fc24a3ce8f09746410daee3d5cd823ff7a0675b7",
  "task_name": "MrTidyRetrieval",
  "mteb_version": "1.24.1",
  "scores": {
    "test": [
      {
        "ndcg_at_1": 0.09026,
        "ndcg_at_3": 0.13209,
        "ndcg_at_5": 0.14883,
        "ndcg_at_10": 0.17394,
        "ndcg_at_20": 0.18968,
        "ndcg_at_100": 0.21536,
        "ndcg_at_1000": 0.24189,
        "map_at_1": 0.08076,
        "map_at_3": 0.11718,
        "map_at_5": 0.1266,
        "map_at_10": 0.13675,
        "map_at_20": 0.14138,
        "map_at_100": 0.1446,
        "map_at_1000": 0.14554,
        "recall_at_1": 0.08076,
        "recall_at_3": 0.16231,
        "recall_at_5": 0.2019,
        "recall_at_10": 0.27791,
        "recall_at_20": 0.3369,
        "recall_at_100": 0.47585,
        "recall_at_1000": 0.68052,
        "precision_at_1": 0.09026,
        "precision_at_3": 0.06017,
        "precision_at_5": 0.04561,
        "precision_at_10": 0.03112,
        "precision_at_20": 0.01888,
        "precision_at_100": 0.00539,
        "precision_at_1000": 0.00079,
        "mrr_at_1": 0.090261,
        "mrr_at_3": 0.130641,
        "mrr_at_5": 0.139667,
        "mrr_at_10": 0.150796,
        "mrr_at_20": 0.155403,
        "mrr_at_100": 0.158621,
        "mrr_at_1000": 0.159454,
        "nauc_ndcg_at_1_max": 0.376644,
        "nauc_ndcg_at_1_std": -0.038059,
        "nauc_ndcg_at_1_diff1": 0.437861,
        "nauc_ndcg_at_3_max": 0.270204,
        "nauc_ndcg_at_3_std": -0.041096,
        "nauc_ndcg_at_3_diff1": 0.302763,
        "nauc_ndcg_at_5_max": 0.253757,
        "nauc_ndcg_at_5_std": -0.051067,
        "nauc_ndcg_at_5_diff1": 0.255767,
        "nauc_ndcg_at_10_max": 0.24174,
        "nauc_ndcg_at_10_std": -0.019631,
        "nauc_ndcg_at_10_diff1": 0.217519,
        "nauc_ndcg_at_20_max": 0.224198,
        "nauc_ndcg_at_20_std": 0.006239,
        "nauc_ndcg_at_20_diff1": 0.200216,
        "nauc_ndcg_at_100_max": 0.225121,
        "nauc_ndcg_at_100_std": 0.024322,
        "nauc_ndcg_at_100_diff1": 0.203506,
        "nauc_ndcg_at_1000_max": 0.252034,
        "nauc_ndcg_at_1000_std": 0.02023,
        "nauc_ndcg_at_1000_diff1": 0.214138,
        "nauc_map_at_1_max": 0.408179,
        "nauc_map_at_1_std": -0.024865,
        "nauc_map_at_1_diff1": 0.473113,
        "nauc_map_at_3_max": 0.300203,
        "nauc_map_at_3_std": -0.040263,
        "nauc_map_at_3_diff1": 0.335509,
        "nauc_map_at_5_max": 0.286143,
        "nauc_map_at_5_std": -0.04623,
        "nauc_map_at_5_diff1": 0.303301,
        "nauc_map_at_10_max": 0.279994,
        "nauc_map_at_10_std": -0.032282,
        "nauc_map_at_10_diff1": 0.282916,
        "nauc_map_at_20_max": 0.272766,
        "nauc_map_at_20_std": -0.02335,
        "nauc_map_at_20_diff1": 0.276594,
        "nauc_map_at_100_max": 0.273383,
        "nauc_map_at_100_std": -0.021257,
        "nauc_map_at_100_diff1": 0.277543,
        "nauc_map_at_1000_max": 0.274858,
        "nauc_map_at_1000_std": -0.021194,
        "nauc_map_at_1000_diff1": 0.278054,
        "nauc_recall_at_1_max": 0.408179,
        "nauc_recall_at_1_std": -0.024865,
        "nauc_recall_at_1_diff1": 0.473113,
        "nauc_recall_at_3_max": 0.2161,
        "nauc_recall_at_3_std": -0.037598,
        "nauc_recall_at_3_diff1": 0.238399,
        "nauc_recall_at_5_max": 0.191715,
        "nauc_recall_at_5_std": -0.054911,
        "nauc_recall_at_5_diff1": 0.16022,
        "nauc_recall_at_10_max": 0.170179,
        "nauc_recall_at_10_std": 0.014083,
        "nauc_recall_at_10_diff1": 0.091854,
        "nauc_recall_at_20_max": 0.12827,
        "nauc_recall_at_20_std": 0.078441,
        "nauc_recall_at_20_diff1": 0.05062,
        "nauc_recall_at_100_max": 0.127531,
        "nauc_recall_at_100_std": 0.154099,
        "nauc_recall_at_100_diff1": 0.057209,
        "nauc_recall_at_1000_max": 0.253382,
        "nauc_recall_at_1000_std": 0.156751,
        "nauc_recall_at_1000_diff1": 0.088619,
        "nauc_precision_at_1_max": 0.376644,
        "nauc_precision_at_1_std": -0.038059,
        "nauc_precision_at_1_diff1": 0.437861,
        "nauc_precision_at_3_max": 0.20423,
        "nauc_precision_at_3_std": -0.038873,
        "nauc_precision_at_3_diff1": 0.233968,
        "nauc_precision_at_5_max": 0.178826,
        "nauc_precision_at_5_std": -0.059512,
        "nauc_precision_at_5_diff1": 0.148143,
        "nauc_precision_at_10_max": 0.161257,
        "nauc_precision_at_10_std": 0.014886,
        "nauc_precision_at_10_diff1": 0.082,
        "nauc_precision_at_20_max": 0.115314,
        "nauc_precision_at_20_std": 0.080044,
        "nauc_precision_at_20_diff1": 0.036444,
        "nauc_precision_at_100_max": 0.120866,
        "nauc_precision_at_100_std": 0.144955,
        "nauc_precision_at_100_diff1": 0.045879,
        "nauc_precision_at_1000_max": 0.219111,
        "nauc_precision_at_1000_std": 0.116026,
        "nauc_precision_at_1000_diff1": 0.044748,
        "nauc_mrr_at_1_max": 0.376644,
        "nauc_mrr_at_1_std": -0.038059,
        "nauc_mrr_at_1_diff1": 0.437861,
        "nauc_mrr_at_3_max": 0.276197,
        "nauc_mrr_at_3_std": -0.047107,
        "nauc_mrr_at_3_diff1": 0.316156,
        "nauc_mrr_at_5_max": 0.269752,
        "nauc_mrr_at_5_std": -0.05348,
        "nauc_mrr_at_5_diff1": 0.28867,
        "nauc_mrr_at_10_max": 0.263625,
        "nauc_mrr_at_10_std": -0.038703,
        "nauc_mrr_at_10_diff1": 0.268441,
        "nauc_mrr_at_20_max": 0.25803,
        "nauc_mrr_at_20_std": -0.030722,
        "nauc_mrr_at_20_diff1": 0.263214,
        "nauc_mrr_at_100_max": 0.257977,
        "nauc_mrr_at_100_std": -0.02937,
        "nauc_mrr_at_100_diff1": 0.264575,
        "nauc_mrr_at_1000_max": 0.259449,
        "nauc_mrr_at_1000_std": -0.029483,
        "nauc_mrr_at_1000_diff1": 0.265204,
        "main_score": 0.17394,
        "hf_subset": "korean",
        "languages": [
          "kor-Kore"
        ]
      }
    ]
  },
  "evaluation_time": 3703.105940580368,
  "kg_co2_emissions": null
}