{
  "dataset_revision": "d67138e705d963e346253a80e59676ddb418810a",
  "task_name": "MultiLongDocRetrieval",
  "mteb_version": "1.24.1",
  "scores": {
    "dev": [
      {
        "ndcg_at_1": 0.12,
        "ndcg_at_3": 0.16393,
        "ndcg_at_5": 0.19148,
        "ndcg_at_10": 0.20596,
        "ndcg_at_20": 0.21493,
        "ndcg_at_100": 0.24461,
        "ndcg_at_1000": 0.28233,
        "map_at_1": 0.12,
        "map_at_3": 0.15167,
        "map_at_5": 0.16742,
        "map_at_10": 0.17335,
        "map_at_20": 0.17588,
        "map_at_100": 0.18026,
        "map_at_1000": 0.18157,
        "recall_at_1": 0.12,
        "recall_at_3": 0.2,
        "recall_at_5": 0.265,
        "recall_at_10": 0.31,
        "recall_at_20": 0.345,
        "recall_at_100": 0.5,
        "recall_at_1000": 0.805,
        "precision_at_1": 0.12,
        "precision_at_3": 0.06667,
        "precision_at_5": 0.053,
        "precision_at_10": 0.031,
        "precision_at_20": 0.01725,
        "precision_at_100": 0.005,
        "precision_at_1000": 0.00081,
        "mrr_at_1": 0.12,
        "mrr_at_3": 0.151667,
        "mrr_at_5": 0.167417,
        "mrr_at_10": 0.173351,
        "mrr_at_20": 0.17588,
        "mrr_at_100": 0.180257,
        "mrr_at_1000": 0.181567,
        "nauc_ndcg_at_1_max": 0.121588,
        "nauc_ndcg_at_1_std": -0.110926,
        "nauc_ndcg_at_1_diff1": 0.483568,
        "nauc_ndcg_at_3_max": 0.147307,
        "nauc_ndcg_at_3_std": -0.027494,
        "nauc_ndcg_at_3_diff1": 0.3591,
        "nauc_ndcg_at_5_max": 0.112115,
        "nauc_ndcg_at_5_std": -0.007545,
        "nauc_ndcg_at_5_diff1": 0.374463,
        "nauc_ndcg_at_10_max": 0.109644,
        "nauc_ndcg_at_10_std": -0.014835,
        "nauc_ndcg_at_10_diff1": 0.347734,
        "nauc_ndcg_at_20_max": 0.126128,
        "nauc_ndcg_at_20_std": 0.005672,
        "nauc_ndcg_at_20_diff1": 0.349504,
        "nauc_ndcg_at_100_max": 0.122072,
        "nauc_ndcg_at_100_std": 0.004943,
        "nauc_ndcg_at_100_diff1": 0.338899,
        "nauc_ndcg_at_1000_max": 0.146918,
        "nauc_ndcg_at_1000_std": 0.016503,
        "nauc_ndcg_at_1000_diff1": 0.331869,
        "nauc_map_at_1_max": 0.121588,
        "nauc_map_at_1_std": -0.110926,
        "nauc_map_at_1_diff1": 0.483568,
        "nauc_map_at_3_max": 0.144598,
        "nauc_map_at_3_std": -0.04656,
        "nauc_map_at_3_diff1": 0.388403,
        "nauc_map_at_5_max": 0.122459,
        "nauc_map_at_5_std": -0.033522,
        "nauc_map_at_5_diff1": 0.397213,
        "nauc_map_at_10_max": 0.120615,
        "nauc_map_at_10_std": -0.036759,
        "nauc_map_at_10_diff1": 0.383586,
        "nauc_map_at_20_max": 0.126467,
        "nauc_map_at_20_std": -0.029275,
        "nauc_map_at_20_diff1": 0.384534,
        "nauc_map_at_100_max": 0.125938,
        "nauc_map_at_100_std": -0.029117,
        "nauc_map_at_100_diff1": 0.382213,
        "nauc_map_at_1000_max": 0.127589,
        "nauc_map_at_1000_std": -0.028404,
        "nauc_map_at_1000_diff1": 0.381953,
        "nauc_recall_at_1_max": 0.121588,
        "nauc_recall_at_1_std": -0.110926,
        "nauc_recall_at_1_diff1": 0.483568,
        "nauc_recall_at_3_max": 0.152777,
        "nauc_recall_at_3_std": 0.01763,
        "nauc_recall_at_3_diff1": 0.28949,
        "nauc_recall_at_5_max": 0.086343,
        "nauc_recall_at_5_std": 0.050691,
        "nauc_recall_at_5_diff1": 0.325512,
        "nauc_recall_at_10_max": 0.084354,
        "nauc_recall_at_10_std": 0.030339,
        "nauc_recall_at_10_diff1": 0.268833,
        "nauc_recall_at_20_max": 0.130502,
        "nauc_recall_at_20_std": 0.085572,
        "nauc_recall_at_20_diff1": 0.273177,
        "nauc_recall_at_100_max": 0.113444,
        "nauc_recall_at_100_std": 0.080506,
        "nauc_recall_at_100_diff1": 0.234617,
        "nauc_recall_at_1000_max": 0.326651,
        "nauc_recall_at_1000_std": 0.249239,
        "nauc_recall_at_1000_diff1": 0.074535,
        "nauc_precision_at_1_max": 0.121588,
        "nauc_precision_at_1_std": -0.110926,
        "nauc_precision_at_1_diff1": 0.483568,
        "nauc_precision_at_3_max": 0.152777,
        "nauc_precision_at_3_std": 0.01763,
        "nauc_precision_at_3_diff1": 0.28949,
        "nauc_precision_at_5_max": 0.086343,
        "nauc_precision_at_5_std": 0.050691,
        "nauc_precision_at_5_diff1": 0.325512,
        "nauc_precision_at_10_max": 0.084354,
        "nauc_precision_at_10_std": 0.030339,
        "nauc_precision_at_10_diff1": 0.268833,
        "nauc_precision_at_20_max": 0.130502,
        "nauc_precision_at_20_std": 0.085572,
        "nauc_precision_at_20_diff1": 0.273177,
        "nauc_precision_at_100_max": 0.113444,
        "nauc_precision_at_100_std": 0.080506,
        "nauc_precision_at_100_diff1": 0.234617,
        "nauc_precision_at_1000_max": 0.326651,
        "nauc_precision_at_1000_std": 0.249239,
        "nauc_precision_at_1000_diff1": 0.074535,
        "nauc_mrr_at_1_max": 0.121588,
        "nauc_mrr_at_1_std": -0.110926,
        "nauc_mrr_at_1_diff1": 0.483568,
        "nauc_mrr_at_3_max": 0.144598,
        "nauc_mrr_at_3_std": -0.04656,
        "nauc_mrr_at_3_diff1": 0.388403,
        "nauc_mrr_at_5_max": 0.122459,
        "nauc_mrr_at_5_std": -0.033522,
        "nauc_mrr_at_5_diff1": 0.397213,
        "nauc_mrr_at_10_max": 0.120615,
        "nauc_mrr_at_10_std": -0.036759,
        "nauc_mrr_at_10_diff1": 0.383586,
        "nauc_mrr_at_20_max": 0.126467,
        "nauc_mrr_at_20_std": -0.029275,
        "nauc_mrr_at_20_diff1": 0.384534,
        "nauc_mrr_at_100_max": 0.125938,
        "nauc_mrr_at_100_std": -0.029117,
        "nauc_mrr_at_100_diff1": 0.382213,
        "nauc_mrr_at_1000_max": 0.127589,
        "nauc_mrr_at_1000_std": -0.028404,
        "nauc_mrr_at_1000_diff1": 0.381953,
        "main_score": 0.20596,
        "hf_subset": "ko",
        "languages": [
          "kor-Hang"
        ]
      }
    ],
    "test": [
      {
        "ndcg_at_1": 0.125,
        "ndcg_at_3": 0.15958,
        "ndcg_at_5": 0.17422,
        "ndcg_at_10": 0.19671,
        "ndcg_at_20": 0.20803,
        "ndcg_at_100": 0.235,
        "ndcg_at_1000": 0.26438,
        "map_at_1": 0.125,
        "map_at_3": 0.15083,
        "map_at_5": 0.15908,
        "map_at_10": 0.1683,
        "map_at_20": 0.17136,
        "map_at_100": 0.1748,
        "map_at_1000": 0.17582,
        "recall_at_1": 0.125,
        "recall_at_3": 0.185,
        "recall_at_5": 0.22,
        "recall_at_10": 0.29,
        "recall_at_20": 0.335,
        "recall_at_100": 0.485,
        "recall_at_1000": 0.72,
        "precision_at_1": 0.125,
        "precision_at_3": 0.06167,
        "precision_at_5": 0.044,
        "precision_at_10": 0.029,
        "precision_at_20": 0.01675,
        "precision_at_100": 0.00485,
        "precision_at_1000": 0.00072,
        "mrr_at_1": 0.125,
        "mrr_at_3": 0.150833,
        "mrr_at_5": 0.159083,
        "mrr_at_10": 0.168296,
        "mrr_at_20": 0.171358,
        "mrr_at_100": 0.174798,
        "mrr_at_1000": 0.17582,
        "nauc_ndcg_at_1_max": 0.083281,
        "nauc_ndcg_at_1_std": 0.008265,
        "nauc_ndcg_at_1_diff1": 0.359758,
        "nauc_ndcg_at_3_max": 0.045814,
        "nauc_ndcg_at_3_std": 0.019054,
        "nauc_ndcg_at_3_diff1": 0.31916,
        "nauc_ndcg_at_5_max": 0.062439,
        "nauc_ndcg_at_5_std": 0.033255,
        "nauc_ndcg_at_5_diff1": 0.294425,
        "nauc_ndcg_at_10_max": 0.099917,
        "nauc_ndcg_at_10_std": 0.027824,
        "nauc_ndcg_at_10_diff1": 0.263942,
        "nauc_ndcg_at_20_max": 0.097506,
        "nauc_ndcg_at_20_std": 0.049648,
        "nauc_ndcg_at_20_diff1": 0.251539,
        "nauc_ndcg_at_100_max": 0.104964,
        "nauc_ndcg_at_100_std": 0.074962,
        "nauc_ndcg_at_100_diff1": 0.247862,
        "nauc_ndcg_at_1000_max": 0.110124,
        "nauc_ndcg_at_1000_std": 0.073918,
        "nauc_ndcg_at_1000_diff1": 0.235194,
        "nauc_map_at_1_max": 0.083281,
        "nauc_map_at_1_std": 0.008265,
        "nauc_map_at_1_diff1": 0.359758,