{
  "dataset_revision": "main",
  "task_name": "PublicHealthQA",
  "mteb_version": "1.24.1",
  "scores": {
    "test": [
      {
        "ndcg_at_1": 0.50649,
        "ndcg_at_3": 0.59972,
        "ndcg_at_5": 0.631,
        "ndcg_at_10": 0.67414,
        "ndcg_at_20": 0.69362,
        "ndcg_at_100": 0.70339,
        "ndcg_at_1000": 0.70339,
        "map_at_1": 0.50649,
        "map_at_3": 0.57792,
        "map_at_5": 0.59481,
        "map_at_10": 0.61327,
        "map_at_20": 0.61849,
        "map_at_100": 0.61986,
        "map_at_1000": 0.61986,
        "recall_at_1": 0.50649,
        "recall_at_3": 0.66234,
        "recall_at_5": 0.74026,
        "recall_at_10": 0.87013,
        "recall_at_20": 0.94805,
        "recall_at_100": 1.0,
        "recall_at_1000": 1.0,
        "precision_at_1": 0.50649,
        "precision_at_3": 0.22078,
        "precision_at_5": 0.14805,
        "precision_at_10": 0.08701,
        "precision_at_20": 0.0474,
        "precision_at_100": 0.01,
        "precision_at_1000": 0.001,
        "mrr_at_1": 0.506494,
        "mrr_at_3": 0.577922,
        "mrr_at_5": 0.594805,
        "mrr_at_10": 0.613265,
        "mrr_at_20": 0.618492,
        "mrr_at_100": 0.619863,
        "mrr_at_1000": 0.619863,
        "nauc_ndcg_at_1_max": 0.133342,
        "nauc_ndcg_at_1_std": -0.055159,
        "nauc_ndcg_at_1_diff1": 0.47391,
        "nauc_ndcg_at_3_max": 0.137248,
        "nauc_ndcg_at_3_std": 0.012264,
        "nauc_ndcg_at_3_diff1": 0.430932,
        "nauc_ndcg_at_5_max": 0.142713,
        "nauc_ndcg_at_5_std": 0.000156,
        "nauc_ndcg_at_5_diff1": 0.466991,
        "nauc_ndcg_at_10_max": 0.178637,
        "nauc_ndcg_at_10_std": 0.029337,
        "nauc_ndcg_at_10_diff1": 0.450388,
        "nauc_ndcg_at_20_max": 0.131976,
        "nauc_ndcg_at_20_std": 0.031013,
        "nauc_ndcg_at_20_diff1": 0.453691,
        "nauc_ndcg_at_100_max": 0.148639,
        "nauc_ndcg_at_100_std": 0.005705,
        "nauc_ndcg_at_100_diff1": 0.450787,
        "nauc_ndcg_at_1000_max": 0.148639,
        "nauc_ndcg_at_1000_std": 0.005705,
        "nauc_ndcg_at_1000_diff1": 0.450787,
        "nauc_map_at_1_max": 0.133342,
        "nauc_map_at_1_std": -0.055159,
        "nauc_map_at_1_diff1": 0.47391,
        "nauc_map_at_3_max": 0.136888,
        "nauc_map_at_3_std": -0.007248,
        "nauc_map_at_3_diff1": 0.437701,
        "nauc_map_at_5_max": 0.140544,
        "nauc_map_at_5_std": -0.013777,
        "nauc_map_at_5_diff1": 0.456913,
        "nauc_map_at_10_max": 0.153635,
        "nauc_map_at_10_std": -0.00382,
        "nauc_map_at_10_diff1": 0.449541,
        "nauc_map_at_20_max": 0.143015,
        "nauc_map_at_20_std": -0.003029,
        "nauc_map_at_20_diff1": 0.450568,
        "nauc_map_at_100_max": 0.145696,
        "nauc_map_at_100_std": -0.006131,
        "nauc_map_at_100_diff1": 0.450311,
        "nauc_map_at_1000_max": 0.145696,
        "nauc_map_at_1000_std": -0.006131,
        "nauc_map_at_1000_diff1": 0.450311,
        "nauc_recall_at_1_max": 0.133342,
        "nauc_recall_at_1_std": -0.055159,
        "nauc_recall_at_1_diff1": 0.47391,
        "nauc_recall_at_3_max": 0.138113,
        "nauc_recall_at_3_std": 0.07699,
        "nauc_recall_at_3_diff1": 0.410908,
        "nauc_recall_at_5_max": 0.150362,
        "nauc_recall_at_5_std": 0.051686,
        "nauc_recall_at_5_diff1": 0.515092,
        "nauc_recall_at_10_max": 0.374229,
        "nauc_recall_at_10_std": 0.271899,
        "nauc_recall_at_10_diff1": 0.462394,
        "nauc_recall_at_20_max": -0.193471,
        "nauc_recall_at_20_std": 0.606183,
        "nauc_recall_at_20_diff1": 0.527717,
        "nauc_recall_at_100_max": NaN,
        "nauc_recall_at_100_std": NaN,
        "nauc_recall_at_100_diff1": NaN,
        "nauc_recall_at_1000_max": NaN,
        "nauc_recall_at_1000_std": NaN,
        "nauc_recall_at_1000_diff1": NaN,
        "nauc_precision_at_1_max": 0.133342,
        "nauc_precision_at_1_std": -0.055159,
        "nauc_precision_at_1_diff1": 0.47391,
        "nauc_precision_at_3_max": 0.138113,
        "nauc_precision_at_3_std": 0.07699,
        "nauc_precision_at_3_diff1": 0.410908,
        "nauc_precision_at_5_max": 0.150362,
        "nauc_precision_at_5_std": 0.051686,
        "nauc_precision_at_5_diff1": 0.515092,
        "nauc_precision_at_10_max": 0.374229,
        "nauc_precision_at_10_std": 0.271899,
        "nauc_precision_at_10_diff1": 0.462394,
        "nauc_precision_at_20_max": -0.193471,
        "nauc_precision_at_20_std": 0.606183,
        "nauc_precision_at_20_diff1": 0.527717,
        "nauc_precision_at_100_max": 1.0,
        "nauc_precision_at_100_std": 1.0,
        "nauc_precision_at_100_diff1": 1.0,
        "nauc_precision_at_1000_max": NaN,
        "nauc_precision_at_1000_std": NaN,
        "nauc_precision_at_1000_diff1": NaN,
        "nauc_mrr_at_1_max": 0.133342,
        "nauc_mrr_at_1_std": -0.055159,
        "nauc_mrr_at_1_diff1": 0.47391,
        "nauc_mrr_at_3_max": 0.136888,
        "nauc_mrr_at_3_std": -0.007248,
        "nauc_mrr_at_3_diff1": 0.437701,
        "nauc_mrr_at_5_max": 0.140544,
        "nauc_mrr_at_5_std": -0.013777,
        "nauc_mrr_at_5_diff1": 0.456913,
        "nauc_mrr_at_10_max": 0.153635,
        "nauc_mrr_at_10_std": -0.00382,
        "nauc_mrr_at_10_diff1": 0.449541,
        "nauc_mrr_at_20_max": 0.143015,
        "nauc_mrr_at_20_std": -0.003029,
        "nauc_mrr_at_20_diff1": 0.450568,
        "nauc_mrr_at_100_max": 0.145696,
        "nauc_mrr_at_100_std": -0.006131,
        "nauc_mrr_at_100_diff1": 0.450311,
        "nauc_mrr_at_1000_max": 0.145696,
        "nauc_mrr_at_1000_std": -0.006131,
        "nauc_mrr_at_1000_diff1": 0.450311,
        "main_score": 0.67414,
        "hf_subset": "korean",
        "languages": [
          "kor-Hang"
        ]
      }
    ]
  },
  "evaluation_time": 0.7991714477539062,
  "kg_co2_emissions": null
}