{
  "dataset_revision": "c99d599f0a6ab9b85b065da6f9d94f9cf731679f",
  "task_name": "XPQARetrieval",
  "mteb_version": "1.24.1",
  "scores": {
    "test": [
      {
        "ndcg_at_1": 0.20642,
        "ndcg_at_3": 0.22633,
        "ndcg_at_5": 0.25069,
        "ndcg_at_10": 0.27246,
        "ndcg_at_20": 0.28764,
        "ndcg_at_100": 0.3355,
        "ndcg_at_1000": 0.38198,
        "map_at_1": 0.14322,
        "map_at_3": 0.20215,
        "map_at_5": 0.22163,
        "map_at_10": 0.23195,
        "map_at_20": 0.23678,
        "map_at_100": 0.24389,
        "map_at_1000": 0.2456,
        "recall_at_1": 0.14322,
        "recall_at_3": 0.24169,
        "recall_at_5": 0.29865,
        "recall_at_10": 0.35905,
        "recall_at_20": 0.41175,
        "recall_at_100": 0.64541,
        "recall_at_1000": 1.0,
        "precision_at_1": 0.20642,
        "precision_at_3": 0.12997,
        "precision_at_5": 0.09817,
        "precision_at_10": 0.05872,
        "precision_at_20": 0.03372,
        "precision_at_100": 0.01049,
        "precision_at_1000": 0.00156,
        "mrr_at_1": 0.206422,
        "mrr_at_3": 0.246687,
        "mrr_at_5": 0.25739,
        "mrr_at_10": 0.265482,
        "mrr_at_20": 0.269366,
        "mrr_at_100": 0.275191,
        "mrr_at_1000": 0.276233,
        "nauc_ndcg_at_1_max": 0.190052,
        "nauc_ndcg_at_1_std": -0.070825,
        "nauc_ndcg_at_1_diff1": 0.414585,
        "nauc_ndcg_at_3_max": 0.163554,
        "nauc_ndcg_at_3_std": -0.062867,
        "nauc_ndcg_at_3_diff1": 0.362539,
        "nauc_ndcg_at_5_max": 0.164592,
        "nauc_ndcg_at_5_std": -0.055137,
        "nauc_ndcg_at_5_diff1": 0.363698,
        "nauc_ndcg_at_10_max": 0.147128,
        "nauc_ndcg_at_10_std": -0.054576,
        "nauc_ndcg_at_10_diff1": 0.357211,
        "nauc_ndcg_at_20_max": 0.135161,
        "nauc_ndcg_at_20_std": -0.062245,
        "nauc_ndcg_at_20_diff1": 0.342909,
        "nauc_ndcg_at_100_max": 0.129588,
        "nauc_ndcg_at_100_std": -0.064679,
        "nauc_ndcg_at_100_diff1": 0.326176,
        "nauc_ndcg_at_1000_max": 0.140582,
        "nauc_ndcg_at_1000_std": -0.068906,
        "nauc_ndcg_at_1000_diff1": 0.344996,
        "nauc_map_at_1_max": 0.240403,
        "nauc_map_at_1_std": -0.005338,
        "nauc_map_at_1_diff1": 0.435365,
        "nauc_map_at_3_max": 0.180486,
        "nauc_map_at_3_std": -0.05912,
        "nauc_map_at_3_diff1": 0.368238,
        "nauc_map_at_5_max": 0.178439,
        "nauc_map_at_5_std": -0.054117,
        "nauc_map_at_5_diff1": 0.368464,
        "nauc_map_at_10_max": 0.169808,
        "nauc_map_at_10_std": -0.053292,
        "nauc_map_at_10_diff1": 0.36472,
        "nauc_map_at_20_max": 0.165685,
        "nauc_map_at_20_std": -0.055364,
        "nauc_map_at_20_diff1": 0.360246,
        "nauc_map_at_100_max": 0.163284,
        "nauc_map_at_100_std": -0.056347,
        "nauc_map_at_100_diff1": 0.357215,
        "nauc_map_at_1000_max": 0.163667,
        "nauc_map_at_1000_std": -0.056943,
        "nauc_map_at_1000_diff1": 0.357965,
        "nauc_recall_at_1_max": 0.240403,
        "nauc_recall_at_1_std": -0.005338,
        "nauc_recall_at_1_diff1": 0.435365,
        "nauc_recall_at_3_max": 0.13578,
        "nauc_recall_at_3_std": -0.059922,
        "nauc_recall_at_3_diff1": 0.330391,
        "nauc_recall_at_5_max": 0.145001,
        "nauc_recall_at_5_std": -0.037439,
        "nauc_recall_at_5_diff1": 0.325314,
        "nauc_recall_at_10_max": 0.099675,
        "nauc_recall_at_10_std": -0.038751,
        "nauc_recall_at_10_diff1": 0.310532,
        "nauc_recall_at_20_max": 0.063054,
        "nauc_recall_at_20_std": -0.062586,
        "nauc_recall_at_20_diff1": 0.262399,
        "nauc_recall_at_100_max": 0.028836,
        "nauc_recall_at_100_std": -0.064123,
        "nauc_recall_at_100_diff1": 0.164388,
        "nauc_recall_at_1000_max": NaN,
        "nauc_recall_at_1000_std": NaN,
        "nauc_recall_at_1000_diff1": NaN,
        "nauc_precision_at_1_max": 0.190052,
        "nauc_precision_at_1_std": -0.070825,
        "nauc_precision_at_1_diff1": 0.414585,
        "nauc_precision_at_3_max": 0.087044,
        "nauc_precision_at_3_std": -0.123579,
        "nauc_precision_at_3_diff1": 0.261685,
        "nauc_precision_at_5_max": 0.080933,
        "nauc_precision_at_5_std": -0.094622,
        "nauc_precision_at_5_diff1": 0.256196,
        "nauc_precision_at_10_max": 0.042419,
        "nauc_precision_at_10_std": -0.089656,
        "nauc_precision_at_10_diff1": 0.231981,
        "nauc_precision_at_20_max": 0.01247,
        "nauc_precision_at_20_std": -0.105267,
        "nauc_precision_at_20_diff1": 0.194995,
        "nauc_precision_at_100_max": -0.02289,
        "nauc_precision_at_100_std": -0.111783,
        "nauc_precision_at_100_diff1": 0.075425,
        "nauc_precision_at_1000_max": -0.060578,
        "nauc_precision_at_1000_std": -0.131985,
        "nauc_precision_at_1000_diff1": -0.008326,
        "nauc_mrr_at_1_max": 0.190052,
        "nauc_mrr_at_1_std": -0.070825,
        "nauc_mrr_at_1_diff1": 0.414585,
        "nauc_mrr_at_3_max": 0.152443,
        "nauc_mrr_at_3_std": -0.081118,
        "nauc_mrr_at_3_diff1": 0.386989,
        "nauc_mrr_at_5_max": 0.157699,
        "nauc_mrr_at_5_std": -0.07281,
        "nauc_mrr_at_5_diff1": 0.383185,
        "nauc_mrr_at_10_max": 0.153378,
        "nauc_mrr_at_10_std": -0.07129,
        "nauc_mrr_at_10_diff1": 0.380694,
        "nauc_mrr_at_20_max": 0.150235,
        "nauc_mrr_at_20_std": -0.07387,
        "nauc_mrr_at_20_diff1": 0.377009,
        "nauc_mrr_at_100_max": 0.150394,
        "nauc_mrr_at_100_std": -0.073205,
        "nauc_mrr_at_100_diff1": 0.375112,
        "nauc_mrr_at_1000_max": 0.150749,
        "nauc_mrr_at_1000_std": -0.073347,
        "nauc_mrr_at_1000_diff1": 0.375669,
        "main_score": 0.27246,
        "hf_subset": "kor-kor",
        "languages": [
          "kor-Hang",
          "kor-Hang"
        ]
      },
      {
        "ndcg_at_1": 0.16361,
        "ndcg_at_3": 0.17074,
        "ndcg_at_5": 0.18739,
        "ndcg_at_10": 0.21145,
        "ndcg_at_20": 0.23053,
        "ndcg_at_100": 0.27744,
        "ndcg_at_1000": 0.33143,
        "map_at_1": 0.09169,
        "map_at_3": 0.13653,
        "map_at_5": 0.15354,
        "map_at_10": 0.16507,
        "map_at_20": 0.171,
        "map_at_100": 0.17847,
        "map_at_1000": 0.18071,
        "recall_at_1": 0.09169,
        "recall_at_3": 0.17184,
        "recall_at_5": 0.22319,
        "recall_at_10": 0.28466,
        "recall_at_20": 0.34776,
        "recall_at_100": 0.56231,
        "recall_at_1000": 0.94689,
        "precision_at_1": 0.16361,
        "precision_at_3": 0.11213,
        "precision_at_5": 0.08838,
        "precision_at_10": 0.05703,
        "precision_at_20": 0.03494,
        "precision_at_100": 0.01151,
        "precision_at_1000": 0.00187,
        "mrr_at_1": 0.163609,
        "mrr_at_3": 0.204128,
        "mrr_at_5": 0.217202,
        "mrr_at_10": 0.226137,
        "mrr_at_20": 0.231357,
        "mrr_at_100": 0.236105,
        "mrr_at_1000": 0.237139,
        "nauc_ndcg_at_1_max": 0.106945,
        "nauc_ndcg_at_1_std": -0.193571,
        "nauc_ndcg_at_1_diff1": 0.35271,
        "nauc_ndcg_at_3_max": 0.090893,
        "nauc_ndcg_at_3_std": -0.17952,
        "nauc_ndcg_at_3_diff1": 0.285676,
        "nauc_ndcg_at_5_max": 0.091911,
        "nauc_ndcg_at_5_std": -0.174865,
        "nauc_ndcg_at_5_diff1": 0.269531,
        "nauc_ndcg_at_10_max": 0.06027,
        "nauc_ndcg_at_10_std": -0.186389,
        "nauc_ndcg_at_10_diff1": 0.270692,
        "nauc_ndcg_at_20_max": 0.0483,
        "nauc_ndcg_at_20_std": -0.188659,
        "nauc_ndcg_at_20_diff1": 0.272243,
        "nauc_ndcg_at_100_max": 0.042336,
        "nauc_ndcg_at_100_std": -0.163266,
        "nauc_ndcg_at_100_diff1": 0.272052,
        "nauc_ndcg_at_1000_max": 0.045404,
        "nauc_ndcg_at_1000_std": -0.165472,
        "nauc_ndcg_at_1000_diff1": 0.28334,
        "nauc_map_at_1_max": 0.107511,